"A-","A-"
"Aan","Aan ±"
"Abbe","Abbe"
"Abel","Abel"
"Abela","Abela"
"Abeleke","Abeleke"
"Aber-","Aber- ±"
"Abiorn","Abiorn"
"Ablo-","Ablo- ±"
"Abordh ","Abordh"
"Abraham, Abram, Abraam","Abraham, Abra(a)m"
"Absalon","Absalon"
"Abso","Abso ±"
"Accarius","Accarius"
"Acelia","Acelia"
"Acilinus","Acilinus"
"Adalbertus","Adalbertus"
"Adalward","Adalward"
"Adam","Adam"
"Adde","Adde"
"Adel-","Adel- "
"Adeliza","Adeliza"
"Adelualder","Adelualder ±"
"Adhelburg","Adhelburg"
"Adhelin","Adhelin"
"Adhils","Adhils"
"Adis","Adis"
"Adiärf","Adiærf"
"Admundus","Admundus ±"
"Adrian","Adrian"
"Adriana","Adriana"
"Adstilla","Adstilla ±"
"Adulphus","Adulphus"
"Afkar","Afkar"
"Afradh","Afradh"
"Afridh","Afridh"
"Afwastus, Avast","Afwastus"
"Agatha","Agatha"
"Agge","Agge"
"Aghe, Aghi","Aghe, Aghi"
"Aghmund","Aghmund"
"Agir","Agir ±"
"Agisl","Agisl"
"Agne","Agne"
"Agnes, Agneta","Agnes, Agneta"
"Agus","Agus ±"
"Agvardus","Agvardus"
"Aimundus","Aimundus"
"Ake","Ake"
"Alanos","Alanos ±"
"Alanus","Alanus"
"Alar","Alar"
"Alb-","Alb- "
"Alba","Alba"
"Albero, Alberus","Albero, Alberus"
"Albo","Albo ±"
"Alboldus","Alboldus"
"Alborg","Alborg"
"Albricus","Albricus"
"Albrikt","Albrikt"
"Ale","Ale"
"Alert","Alert"
"Alet, Aleta","Alet, Aleta"
"Alexander","Alexander"
"Alexius","Alexius"
"Alf","Alf"
"Alferth","Alferth"
"Alfonsus","Alfonsus"
"Alfradus","Alfradus"
"Alfridh","Alfridh"
"Alfwardus","Alfwardus ±"
"Algerus","Algerus"
"Algne-","Algne- ±"
"Algot, Algut","Algot, Algut"
"Algunna","Algunna"
"Alheid","Alheid"
"Alika, Aleka","Alika, Aleka"
"Aliza","Aliza"
"Alle","Alle"
"Allerdis","Allerdis ±"
"Allir","Allir"
"Allog, Allögh","Allog, Alløgh"
"Alluius","Alluius ±"
"Allzäka","Allzæka ±"
"Almar","Almar"
"Almund","Almund"
"Alnerus","Alnerus ±"
"Alradh","Alradh"
"Alsadis","Alsadis ±"
"Altezarus","Altezarus ±"
"Alvast (?)","Alvast"
"Alve","Alve"
"Alver","Alver"
"Alvidus","Alvidus"
"Alwigis","Alwigis"
"Alwin","Alwin"
"Aläbo","Alæbo ±"
"Am-","Am-"
"Amaca","Amaca"
"Amalina","Amalina"
"Ambe","Ambe"
"Ambrosius","Ambrosius"
"Amelius","Amelius"
"Amelung","Amelung"
"Amerus","Amerus ±"
"Amma","Amma"
"Amme","Amme"
"Ampa","Ampa (?)"
"Amund","Amund"
"Amunde","Amunde"
"An","An ±"
"Ana","Ana"
"Anda","Anda ±"
"Andar","Andar ±"
"Ander","Ander"
"Anderus","Anderus"
"Andolf","Andolf"
"Andres, Andris, Anders","Andres, Andris, Anders"
"Andridh","Andridh (?)"
"Andvidh","Andvidh"
"Ane","Ane"
"Anfridus","Anfridus"
"Anid","Anid ±"
"Anika","Anika"
"Ankar","Ankar"
"Anke","Anke ±"
"Anna","Anna"
"Anne","Anne"
"Anneke, Anneka","Anneke, Anneka"
"Annot","Annot"
"Anselmus","Anselmus"
"Ansfridus","Ansfridus"
"Ansgarius","Ansgarius"
"Ansvar","Ansvar"
"Ante","Ante"
"Antika","Antika"
"Anto","Anto"
"Antonius","Antonius"
"Antorus","Antorus"
"Anund","Anund"
"Anut","Anut ±"
"Anvidh","Anvidh"
"Anwor","Anwor"
"Apa","Apa"
"Apollonia","Apollonia"
"Apollonius","Apollonius"
"Ar-","Ar-"
"Arald, Arild","Arald, Arild"
"Araman","Araman ±"
"Aranidus","Aranidus ±"
"Ardgarius","Ardgarius"
"Aret-","Aret- ±"
"Ari","Ari"
"Arina","Arina"
"Arinmodh","Arinmodh"
"Arinst","Arinst ±"
"Arlögh","Arløgh"
"Arlögh","Arløgh"
"Armannus","Armannus"
"Arnald, Arnold","Arnald, Arnold"
"Arnbiorn, Anbiorn","A(r)nbiorn"
"Arnborgh, Anborgh","A(r)nborgh"
"Arndor, Andor","A(r)ndor"
"Arne","Arne"
"Arnels","Arnels (?)"
"Arnfast, Arnvast, Anfast, Anvast","A(r)nfast, A(r)nvast"
"Arnfin, Arfin","Ar(n)fin"
"Arnfridh, Anfridh","Ar(n)fridh"
"Arnfridh Arfridh","Ar(n)fridh"
"Arnfrodh","Arnfrodh"
"Arnger, Anger","A(r)nger"
"Arngun, Arngunna, Angun, Angunna","Ar(n)gun, Ar(n)gunna"
"Arngärdh, Arngärdha, Angärdh, Angärdha","A(r)ngærdh, A(r)ngærdha"
"Arnhild","Arnhild"
"Arnika, Arneke","Arnika, Arneke"
"Arniva","Arniva"
"Arnkil, Arkil","Ar(n)kil"
"Arnliot","Arnliot"
"Arnmund, Anmund","Ar(n)mund"
"Arnsten, Ansten","A(r)nsten"
"Arnulf, Arnolf","Arnulf, Arnolf"
"Arnundus","Arnundus ±"
"Arnvald","Arnvald"
"Arnvidh, Arvidh","Ar(n)vidh"
"Arnälf","Arnælf"
"Arofast","Arofast ±"
"Aron","Aron"
"Aron","Aron"
"Arp","Arp"
"Årsiellie","Årsiellie"
"Arturus","Arturus"
"Arundus","Arundus ±"
"Arung","Arung"
"Arve","Arve"
"Arverus","Arverus ±"
"Arych","Arych ±"
"Asa","Asa"
"Asbiorn","Asbiorn"
"Ascatius","Ascatius ±"
"Asdiärf","Asdiærf"
"Ase, Asi","Ase, Asi"
"Asel","Asel"
"Asem","Asem ±"
"Asfast","Asfast"
"Asge","Asge"
"Asger","Asger"
"Asgoor","Asgoor ±"
"Asgot, Asgut","Asgot, Asgut"
"Asgrim","Asgrim"
"Asgun","Asgun"
"Asgärdh","Asgærdh"
"Aske","Aske"
"Askel","Askel"
"Askolf","Askolf"
"Aslak","Aslak"
"Asle","Asle"
"Asled","Asled ±"
"Aslogh","Aslogh"
"Asmar","Asmar"
"Asmid","Asmid ±"
"Asmodh","Asmodh"
"Asmund","Asmund"
"Asmus","Asmus"
"Asni","Asni"
"Asrun","Asrun"
"Assa","Assa ±"
"Asscholaym","Asscholaym ±"
"Asta, Osta","Asta, Osta"
"Aste","Aste"
"Astradh","Astradh"
"Astridh","Astridh"
"Asulf, Asolf","Asulf, Asolf"
"Asvald, Asvalde","Asvald, Asvalde"
"Asvidh","Asvidh"
"Asvor","Asvor"
"Asö","Asø"
"Ateka","Ateka"
"Atle","Atle"
"Atlingis","Atlingis"
"Atte","Atte"
"Auctus","Auctus ±"
"Auder","Auder ±"
"Auffen-","Auffen- ±"
"Aughe-","Aughe-"
"Augustin","Augustin"
"Auluarus","Auluarus ±"
"Aun","Aun ±"
"Aune","Aune ±"
"Autleus","Autleus ±"
"Avald, Avalde","Avald, Avalde"
"Avardh","Avardh"
"Ave","Ave"
"Aver","Aver"
"Avidh","Avidh"
"Awre","Awre ±"
"Aväst","Avæst"
"Axar-","Axar- ±"
"Axel","Axel"
"Axer","Axer"
"Axstmadhir-","Axstmadhir- ±"
"Aydhe","Aydhe ±"
"Aynundus","Aynundus ±"
"Azo","Azo"
"Azur","Azur"
"B-","B-"
"Badhe","Badhe"
"Bagge","Bagge"
"Balaram","Balaram ±"
"Baldevin","Baldevin"
"Balle","Balle"
"Baltasar, Balzar","Baltasar, Balzar"
"Balte","Balte"
"Bamse","Bamse"
"Bange","Bange"
"Banke","Banke"
"Banne","Banne"
"Banxe","Banxe"
"Barbara","Barbara"
"Bardh","Bardh"
"Bardhe","Bardhe"
"Bare","Bare"
"Barek","Barek"
"Barkvidh","Barkvidh"
"Barnam","Barnam"
"Barnolf","Barnolf"
"Barre","Barre"
"Barse","Barse"
"Bartholomeus","Bartholomeus"
"Barvidh","Barvidh"
"Basse","Basse"
"Bastamala-","Bastamala- ±"
"Bat","Bat"
"Bawandus","Bawandus"
"Bawen","Bawen"
"Beata","Beata"
"Beatrix","Beatrix"
"Becemannus","Becemannus"
"Beddemannus","Beddemannus"
"Bela","Bela"
"Bele","Bele"
"Below","Below"
"Benedikt, Benkt, Bent","Benedikt m.fl."
"Benedikta, Bäincta, Beinta, Benkta, Biänkta, Benta, Benedicta","Benedikta"
"Beneke","Beneke"
"Benne, Bene","Benne"
"Bente","Bente"
"Bereke","Bereke"
"Berik","Berik"
"Beringarius","Beringarius"
"Bernardinus","Bernardinus"
"Berneke","Berneke"
"Bernhard, Berend","Bernhard"
"Bert","Bert"
"Berta","Berta"
"Berte","Berte"
"Berteka","Berteka"
"Berthold","Berthold"
"Bertram","Bertram"
"Biangor ","Biangor ±"
"Biarne","Biarne"
"Bille","Bille"
"Bilo","Bilo"
"Bina","Bina"
"Biorn","Biorn"
"Biornkarl","Biornkarl"
"Biornmund","Biornmund"
"Biornolf","Biornolf"
"Biornvidh","Biornvidh"
"Birgher","Birgher"
"Birgitta","Birgitta"
"Bise","Bise"
"Biugh","Biugh"
"Biur","Biur"
"Biursten","Biursten"
"Biärgh, Bergh","Biærgh"
"Biärghbo","Biærghbo"
"Biärghliut","Biærghliut (?)"
"Biärghliuta","Biærghliuta (?)"
"Biärgholf","Biærgholf"
"Biärghsven, Berghsven","Biærghsven"
"Biärghthor","Biærghthor"
"Biärghvidh","Biærghvidh"
"Biärmodh","Biærmodh"
"Blafinn","Blafinn"
"Blakke","Blakke"
"Blaman","Blaman"
"Blanka","Blanka"
"Blasius","Blasius"
"Blek","Blek"
"Blidha","Blidha"
"Blidike","Blidike"
"Blix","Blix"
"Blotsven","Blotsven"
"Bo","Bo"
"Bocker","Bocker ±"
"Boder","Boder ±"
"Bodhe","Bodhe"
"Bodolf","Bodolf ±"
"Bofast, Bofest","Bofast"
"Boge","Boge ±"
"Bogislaf","Bogislaf"
"Boie","Boie"
"Bokke","Bokke"
"Bole","Bole"
"Boman","Boman"
"Bonde","Bonde"
"Bonne","Bonne"
"Bore-","Bore-"
"Borgh","Borgh"
"Borghar","Borghar"
"Borghe","Borghe"
"Borghilda","Borghilda"
"Borgholf","Borgholf"
"Borghsten","Borghsten"
"Borghunde","Borghunde"
"Borghvat","Borghvat"
"Borkvard","Borkvard"
"Bose","Bose"
"Bosse","Bosse"
"Boste","Boste"
"Bosten","Bosten"
"Bot-","Bot-"
"Bote","Bote"
"Boter","Boter"
"Botgher","Botgher"
"Botheidh","Botheidh"
"Bothild","Bothild"
"Bothiägn","Bothiægn"
"Botlef","Botlef"
"Botlek","Botlek"
"Botlikn","Botlikn"
"Botmar","Botmar"
"Botmund","Botmund"
"Botn","Botn ±"
"Botniut","Botniut"
"Botolf","Botolf"
"Botref","Botref"
"Botta","Botta"
"Botte","Botte"
"Botthiaudh","Botthiaudh"
"Botvard","Botvard"
"Botvi","Botvi"
"Botvidh","Botvidh"
"Botvin","Botvin"
"Bovast","Bovast"
"Bove","Bove"
"Boyo","Boyo ±"
"Bradhe","Bradhe"
"Braghe","Braghe"
"Bram","Bram"
"Brand","Brand"
"Brarn-","Brarn- ±"
"Brasius","Brasius ±"
"Braske-","Braske-"
"Brat","Brat"
"Bratte","Bratte"
"Bravidh","Bravidh"
"Bredh","Bredh"
"Briccius","Briccius"
"Brikmar","Brikmar"
"Brodericus","Brodericus ±"
"Brodhir","Brodhir"
"Brok","Brok"
"Brosius","Brosius"
"Brothker","Brothker ±"
"Brud","Brud"
"Brudde","Brudde"
"Brun","Brun"
"Brune","Brune"
"Brunger","Brunger"
"Bruning","Bruning"
"Brunke","Brunke"
"Brunswik","Brunswik"
"Brunte","Brunte"
"Brunvidh","Brunvidh"
"Bruse","Bruse (?)"
"Bryggar","Bryggar ±"
"Brynhild","Brynhild"
"Brynia","Brynia"
"Brynike","Brynike"
"Bryniolf","Bryniolf"
"Brynte","Brynte"
"Brynögh","Brynøgh"
"Bryti","Bryti"
"Brännike","Brænnike"
"Brökil","Brøkil"
"Bröuider","Brøuider ±"
"Budde","Budde"
"Buen-","Buen- ±"
"Buer-","Buer- ±"
"Bugge","Bugge"
"Burizlef","Burizlef"
"Burlef","Burlef"
"Busse","Busse"
"Butte","Butte"
"Bwz-","Bwz- ±"
"Bygde","Bygde ±"
"Bylle","Bylle"
"Byngher (?), Bønger","Byngher"
"Byrolf","Byrolf ±"
"Byrvidh","Byrvidh ±"
"Byterof","Byterof"
"Byting","Byting"
"Bägh","Bægh"
"Bägha","Bægha"
"Bägärda-","Bægærda- ±"
"Bäk-","Bæk- ±"
"Bäri","Bæri"
"Bärkvidh","Bærkvidh"
"Bärse","Bærse"
"Bäske","Bæske"
"Bässe","Bæsse"
"Böghel","Bøghel"
"Bökelöf","Bøkeløf"
"Bönne","Bønne"
"Böse","Bøse"
"C-","C-"
"Cecilia","Cecilia"
"Cesarius","Cesarius"
"Cyprianus","Cyprianus"
"Cyriacus","Cyriacus"
"D-","D-"
"Dagh","Dagh"
"Daghfin","Daghfin"
"Daghradh","Daghradh"
"Dalbo","Dalbo"
"Dalle","Dalle"
"Dammö","Dammø"
"Dan","Dan"
"Daniel","Daniel"
"Dankmar","Dankmar"
"Dankvard","Dankvard"
"Danne","Danne"
"Dansk","Dansk"
"Darre","Darre"
"Dathe","Dathe ±"
"David","David"
"Degnar","Degnar"
"Demod","Demod"
"Dethard","Dethard"
"Dethrad","Dethrad"
"Detlef","Detlef"
"Detmar","Detmar"
"Detvin","Detvin"
"Didrik","Didrik"
"Dionysius","Dionysius"
"Dis","Dis"
"Disa","Disa"
"Ditbernus","Ditbernus"
"Diäkn","Diækn"
"Diärf","Diærf"
"Do","Do"
"Domald","Domald"
"Domar","Domar"
"Dome","Dome"
"Dominicus","Dominicus"
"Domsäl","Domsæl"
"Donare","Donare"
"Donatus","Donatus"
"Donhof","Donhof"
"Dormius","Dormius ±"
"Dorothea","Dorothea"
"Dortmannus","Dortmannus"
"Dota","Dota"
"Dottir","Dottir"
"Draghman","Draghman"
"Drewes","Drewes"
"Drosbo","Drosbo"
"Droste","Droste"
"Druda","Druda"
"Drudeke","Drudeke"
"Dryllina","Dryllina ±"
"Dräng","Dræng"
"Dränge","Drænge"
"Duda","Duda"
"Dunco","Dunco"
"During","During"
"Dvärgh","Dværgh"
"Dyggve","Dyggve"
"Dyning","Dyning"
"Dyrbiorn","Dyrbiorn"
"Dyre","Dyre"
"Dyrmodh","Dyrmodh"
"Dyto-","Dyto- ±"
"Döring","Døring"
"E-","E-"
"Edike","Edike"
"Edla","Edla"
"Efgerus","Efgerus"
"Efraim","Efraim"
"Efridis","Efridis"
"Egbert","Egbert"
"Eggert","Eggert"
"Eghil","Eghil"
"Egidius","Egidius"
"Egin","Egin"
"Eike","Eike"
"Eilbodo","Eilbodo"
"Eke","Eke"
"Ekindh","Ekindh ±"
"Elard","Elard"
"Eldridh","Eldridh"
"Electus","Electus"
"Elef","Elef"
"Elena","Elena"
"Elert","Elert"
"Elias","Elias"
"Eliza","Eliza"
"Elizabeth","Elizabeth"
"Elle-","Elle- ±"
"Elsika","Elsika"
"Elte","Elte ±"
"Emerentius","Emerentius ±"
"Emike","Emike"
"Enar","Enar"
"Enchard","Enchard ±"
"Endemar-","Endemar- ±"
"Endridh","Endridh"
"Endridhe","Endridhe"
"Ene-","Ene- ±"
"Enevald","Enevald"
"Engel","Engel"
"Engelbrikt","Engelbrikt"
"Engle","Engle"
"Englike","Englike"
"Enhlankr","Enhlankr ±"
"Enika","Enika"
"Enis","Enis ±"
"Envardh","Envardh"
"Eriip-","Eriip- ±"
"Erik","Erik"
"Ermegard","Ermegard"
"Ernaldus","Ernaldus"
"Ernest","Ernest"
"Ernike","Ernike"
"Ertmar","Ertmar"
"Esken","Esken"
"Esten","Esten"
"Ester","Ester"
"Ettwaster ±","Ettwaster"
"Eufemia","Eufemia"
"Eva","Eva"
"Everhard","Everhard"
"Everinus","Everinus"
"Evind","Evind"
"Evrike","Evrike"
"Eyba","Eyba"
"F-","F-"
"Fadhir","Fadhir"
"Fagge","Fagge"
"Fagher","Fagher"
"Falk","Falk"
"Falke","Falke"
"Falspänning","Falspænning"
"Fanerus, Faners","Faner(u)s ±"
"Farbiorn","Farbiorn"
"Fardhe","Fardhe"
"Farman","Farman"
"Farmundus","Farmundus"
"Farthäghn","Farthæghn"
"Farulf","Farulf"
"Farvastus","Farvastus"
"Fasi","Fasi"
"Fastbiorn","Fastbiorn"
"Faste","Faste"
"Fastger","Fastger"
"Fastridh","Fastridh"
"Fastrun","Fastrun"
"Fastulf","Fastulf"
"Fastvi","Fastvi"
"Fastvidh","Fastvidh"
"Fedastus","Fedastus"
"Felicia","Felicia"
"Felix","Felix"
"Fenissa","Fenissa"
"Festen","Festen "
"Fikke","Fikke"
"Filing","Filing"
"Filippa","Filippa"
"Filippus","Filippus"
"Fimse-","Fimse- ±"
"Fin","Fin"
"Findor","Findor"
"Finke","Finke"
"Finkel","Finkel"
"Finkenoga, Finkenow","Finkenoga"
"Finlogh","Finlogh"
"Finne","Finne"
"Finvidh","Finvidh"
"Finzant","Finzant"
"Fiolm","Fiolm"
"Fiällar","Fiællar"
"Fiärsing","Fiærsing"
"Flemmar","Flemmar ±"
"Florens","Florens ±"
"Florentius","Florentius"
"Flöder","Fløder"
"Flöre","Fløre"
"Flörik","Flørik"
"Foli","Foli"
"Folkar","Folkar"
"Folkbrikt","Folkbrikt"
"Folke","Folke"
"Folkman","Folkman"
"Folkmar","Folkmar"
"Folkmodh","Folkmodh"
"Folksten","Folksten"
"Folkvardh","Folkvardh"
"Folkvidh","Folkvidh"
"Folkvin","Folkvin"
"Folmo","Folmo ±"
"Folrad","Folrad"
"Folwerth","Folwerth ±"
"Forke","Forke"
"Forkun","Forkun"
"Fortholdus","Fortholdus"
"Fotlinis","Fotlinis"
"Franke","Franke"
"Franker","Franker ±"
"Frantz, Frantze","Frantz(e)"
"Freadagh","Freadagh"
"Fredrik","Fredrik"
"Fremastus-","Fremastus- ±"
"  Fridank","Fridank"
"Fridborg","Fridborg"
"Fridha","Fridha"
"Fridhger","Fridhger"
"Fridhgärdh","Fridhgærdh"
"Fridhi","Fridhi"
"Fridhmund","Fridhmund"
"Fridhthiuf","Fridhthiuf"
"Fridilphus","Fridilphus ±"
"Frigge","Frigge"
"Frille","Frille"
"Frise","Frise"
"Frisike","Frisike"
"Fritze","Fritze"
"Fro","Fro"
"Frodhe","Frodhe"
"Fromold","Fromold"
"Froste","Froste"
"Frovin","Frovin"
"Frunne","Frunne"
"Frände","Frænde"
"Frö","Frø"
"Fröbiorn","Frøbiorn"
"Fröborgis","Frøborgis"
"Fröger","Frøger"
"Fröhvat","Frøhvat"
"Frökil","Frøkil"
"Frölik, Frölike","Frølike"
"Frömar","Frømar"
"Frömund","Frømund"
"Fröricus","Frøricus"
"Frösten","Frøsten"
"Frövidh","Frøvidh"
"Fughl","Fughl"
"Fughle","Fughle"
"Fule","Fule"
"Fullughi","Fullughi"
"Fullunge","Fullunge"
"Fundin","Fundin"
"Fust","Fust"
"Fylmen","Fylmen ±"
"Fynbo","Fynbo, Fiunbo"
"Fyrudus","Fyrudus ±"
"Fälagh","Fælagh"
"Fälaghi","Fælaghi"
"Fälle","Fælle"
"Fängil","Fængil"
"Fölzike","Følzike"
"Fösing","Føsing"
"G-","G-"
"Gabriel","Gabriel"
"Gad","Gad"
"Gadde","Gadde"
"Gagnvidh","Gagnvidh"
"Galbrikt","Galbrikt"
"Galige","Galige"
"Galle","Galle"
"Galt","Galt"
"Galte","Galte"
"Gamal","Gamal"
"Gamaliel","Gamaliel"
"Gambe","Gambe ±"
"Gamme","Gamme"
"Gamse","Gamse"
"Gander-","Gander- ±"
"Gannell-","Gannell- ±"
"Ganner-","Ganner- ±"
"Gardarus","Gardarus"
"Garfin","Garfin"
"Garne","Garne"
"Gas","Gas"
"Gase","Gase"
"Gaufredus","Gaufredus"
"Gautbertus","Gautbertus"
"Gautwidus","Gautwidus"
"Ge-","Ge-"
"Geldolf","Geldolf"
"Gelvir","Gelvir"
"Gelvo","Gelvo"
"Geme","Geme"
"Geo-","Geo-"
"Gera","Gera"
"Gerbertus","Gerbertus"
"Gerbiorn","Gerbiorn"
"Gerborg","Gerborg"
"Gerdele","Gerdele"
"Gerdika","Gerdika"
"Gerdin-","Gerdin-"
"Gere","Gere"
"Gerhard, Gert","Gerhard"
"Gerhvat","Gerhvat"
"Gerika","Gerika"
"Gerike","Gerike"
"Gerlak","Gerlak"
"Gerlef","Gerlef"
"Gerlögh","Gerløgh "
"Gerlögh","Gerløgh"
"German","German"
"Germund","Germund"
"Gerske","Gerske"
"Gerthorn","Gerthorn"
"Gerthrudh","Gerthrudh"
"Gerulphus","Gerulphus"
"Gerungus","Gerungus"
"Gervald","Gervald"
"Gervard","Gervard"
"Gervasius","Gervasius"
"Gervast","Gervast"
"Gervidh","Gervidh"
"Gervin","Gervin"
"Gervor","Gervor"
"Gesa","Gesa"
"Gese","Gese"
"Gesika","Gesika"
"Gestiken","Gestiken ±"
"Getsten","Getsten"
"Gevald","Gevald"
"Gevard","Gevard"
"Gheritzlof","Gheritzlof"
"Gibbe","Gibbe"
"Gidhbiorn","Gidhbiorn"
"Giergheke","Giergheke ±"
"Giflögh","Gifløgh"
"Gilbrikt","Gilbrikt"
"Gilde, Gille","Gilde, Gille"
"Gilikin","Gilikin"
"Gilla","Gilla"
"Gillögh","Gilløgh"
"Gillöt","Gilløt"
"Ginkther","Ginkther "
"Ginna","Ginna"
"Ginniut","Ginniut"
"Giordh, Giurdh, Gyrdh","Giordh, Giurdh, Gyrdh"
"Gir-","Gir-"
"Girgerus","Girgerus"
"Gise","Gise"
"Giseltrud","Giseltrud"
"Gisike","Gisike"
"Gisl","Gisl"
"Gisla","Gisla"
"Gislar, Gislare","Gislar(e)"
"Gisle","Gisle"
"Gislö","Gislø"
"Gislögh","Gisløgh"
"Gismund","Gismund"
"Giullo-","Giullo- ±"
"Giörel-","Giørel- "
"Gladhi","Gladhi"
"Glip","Glip"
"Glop","Glop"
"Glysing","Glysing"
"Glödher","Glødher"
"Godebaldus","Godebaldus"
"Godefridus, Gotfridus","Godefridus, Gotfridus"
"Godel-","Godel- ±"
"Godhow","Godhow"
"Godse-","Godse- ±"
"Godwinus","Godwinus"
"Gofart","Gofart"
"Goir-","Goir- ±"
"Golphus","Golphus ±"
"Gomarskalle","Gomarskalle"
"Gopill","Gopill"
"Gorghe","Gorghe"
"Gorius","Gorius"
"Gorm","Gorm"
"Gorme","Gorme"
"Gormundus","Gormundus"
"Gortrwr","Gortrwr"
"Gothardus","Gothardus ±"
"Gotin-","Gotin- ±"
"Gotman","Gotman"
"Gotmundus","Gotmundus"
"Gotramus","Gotramus"
"Gotskalk","Gotskalk"
"Gotulfus","Gotulfus"
"Gozvin","Gozvin"
"Gragas","Gragas"
"Grane-","Grane- ±"
"Granke","Granke"
"Gregers","Gregers"
"Gregge","Gregge"
"Gregorm-","Gregorm- ±"
"Greken-","Greken-"
"Gren","Gren"
"Grep, Graipr","Grep"
"Greta","Greta"
"Gretika","Gretika"
"Greverode","Greverode"
"Grigge","Grigge"
"Grim","Grim"
"Grimald, Grimalde","Grimald(e)"
"Grimar","Grimar"
"Grimkil","Grimkil"
"Grimolf","Grimolf"
"Grip","Grip"
"Gripeklo","Gripeklo"
"Groa","Groa"
"Grubbe","Grubbe"
"Grunde","Grunde"
"Gryddo","Gryddo"
"Grygerus","Grygerus ±"
"Gryta","Gryta"
"Grytgardh","Grytgardh"
"Gröwe-","Grøwe-"
"Gubbe","Gubbe"
"Gudda","Gudda"
"Gudde","Gudde"
"Gudhbiorn","Gudhbiorn"
"Gudhbrand","Gudhbrand"
"Gudhfast","Gudhfast"
"Gudhgärdh","Gudhgærdh"
"Gudhhvat","Gudhhvat"
"Gudhi","Gudhi"
"Gudhir","Gudhir"
"Gudhke","Gudhke"
"Gudhlef","Gudhlef"
"Gudhlek","Gudhlek"
"Gudhlögh","Gudhløgh"
"Gudhlögh","Gudhløgh"
"Gudhman","Gudhman"
"Gudhmar","Gudhmar"
"Gudhmund","Gudhmund"
"Gudhni","Gudhni"
"Gudhniut","Gudhniut"
"Gudholf","Gudholf"
"Gudreuus","Gudreuus"
"Gudhridh","Gudhridh"
"Gudhrik","Gudhrik"
"Gudhrun","Gudhrun"
"Gudhsten","Gudhsten"
"Gudhsärk","Gudhsærk"
"Gudhthorm","Gudhthorm"
"Gudhvald","Gudhvald"
"Gudhvar","Gudhvar"
"Gudhvast","Gudhvast"
"Gudhve","Gudhve"
"Gudhvi","Gudhvi"
"Gudhvidh","Gudhvidh"
"Guido","Guido"
"Gulla","Gulla"
"Gulle","Gulle"
"Gumme","Gumme"
"Gunbertus","Gunbertus"
"Gunbiorgh","Gunbiorgh"
"Gunbiorn","Gunbiorn"
"Gunborgh","Gunborgh"
"Gundramus","Gundramus"
"Gunhedh","Gunhedh"
"Gunhild","Gunhild"
"Gunhvat","Gunhvat"
"Gunkil","Gunkil"
"Gunlef","Gunlef"
"Gunlögh","Gunløgh"
"Gunmund","Gunmund"
"Gunna","Gunna"
"Gunnar","Gunnar"
"Gunne","Gunne"
"Gunnolf","Gunnolf"
"Gunnur","Gunnur"
"Gunnälf","Gunnælf"
"Gunnö","Gunnø"
"Gunridh","Gunridh ±"
"Gunsten","Gunsten"
"Gunthrudh","Gunthrudh"
"Gunvald","Gunvald"
"Gunvidh","Gunvidh"
"Guti","Guti"
"Gutte","Gutte"
"Guve","Guve"
"Guze","Guze"
"Gydha","Gydha"
"Gydhi","Gydhi"
"Gyer-","Gyer- ±"
"Gyme","Gyme ±"
"Gyna","Gyna ±"
"Gynter","Gynter"
"Gynzelin","Gynzelin"
"Gyrger","Gyrger ±"
"Gyridh","Gyridh"
"Gyrsting","Gyrsting"
"Gädda","Gædda"
"Gälle","Gælle"
"Gärdhar","Gærdhar"
"Gäse","Gæse ±"
"Gäst","Gæst"
"Gästabonde","Gæstabonde"
"Gästil","Gæstil"
"Gästä","Gæstæ ±"
"Gäve","Gæve"
"Göbel, Göbele, Göbla","Gøbel(e)"
"Gödelin","Gødelin"
"Gödert","Gødert"
"Gödhi","Gødhi ±"
"Gödike","Gødike"
"Gölthe","Gölthe ±"
"Göme","Göme ±"
"Göre-","Gøre- "
"Görtz","Gørtz"
"Görvel","Gørvel"
"Göse","Gøse"
"Gösta","Gøsta"
"Göt","Gøt"
"Götar","Gøtar"
"Göte","Gøte"
"Göthe","Gøthe ±"
"Götmar","Gøtmar"
"Götolf","Gøtolf"
"Götrik","Gøtrik"
"Götstaf","Gøtstaf"
"Gözlaf","Gøzlaf"
"Hadde","Hadde"
"Hadvig, Hedevig, Hedvig","Hadvig"
"Haf-","Haf- ±"
"Hafridh","Hafridh"
"Hafthor","Hafthor"
"Haghana, Hagana","Hag(h)ana"
"Haghbardh","Haghbardh"
"Haghe","Haghe ±"
"Haghne","Haghne"
"Haghthorn","Haghthorn"
"Haghvar","Haghvar"
"Haghvardh","Haghvardh"
"Haghvidh","Haghvidh"
"Haki, Hake","Haki ±"
"Hakon","Hakon"
"Hal?","Hal? "
"Halbiorn","Halbiorn"
"Haldhiaudh","Haldhiaudh"
"Haldor","Haldor"
"Haldwinus","Haldwinus ±"
"Halfdan","Halfdan"
"Halffred","Halffred- ±"
"Halffuer","Halffuer "
"Halhvat","Halhvat"
"Halkäl","Halkæl"
"Hallad","Hallad"
"Halle","Halle"
"Hallingnis, * Hallikn","Hallingnis"
"Halmodh","Halmodh"
"Halo-","Halo-"
"Halquinus","Halquinus"
"Hals","Hals"
"Halsten","Halsten"
"Halte","Halte"
"Halvardh","Halvardh"
"Halvast","Halvast ±"
"Halvi","Halvi"
"Halvidh","Halvidh"
"Hamar","Hamar"
"Hamund","Hamund"
"Hanabinus","Hanabinus ±"
"Hanike","Hanike"
"Hans","Hans"
"Har-","Har- ±"
"Harald","Harald"
"Harbardus","Harbardus ±"
"Hardh","Hardh"
"Hardhe","Hardhe"
"Hardhsten","Hardhsten"
"Harok","Harok"
"Hart-","Hart- ±"
"Hartlef","Hartlef"
"Hartman","Hartman"
"Hartvik, Hartika, Hartike","Hartvik"
"Has","Has ±"
"Hase","Hase"
"Hasika","Hasika"
"Hasse","Hasse"
"Hassela","Hassela"
"Haste","Haste"
"Hasten","Hasten"
"Havar","Havar"
"Havardh","Havardh"
"Haver","Haver"
"Havidh","Havidh"
"Hawne, Hawna-","Hawne ±"
"Hebela","Hebela"
"Hector","Hector"
"Hedhfari, Hedhfar","Hedhfar(i)"
"Hedhilborgh","Hedhilborgh ±"
"Hegderuus, * Hägdiarf","Hegderuus"
"Hegherus, Hegerus","Heg(h)erus ±"
"Hego","Hego ±"
"Hei","Hei ±"
"Heidenrik","Heidenrik"
"Heike","Heike"
"Hein","Hein ±"
"Heine","Heine"
"Heineman","Heineman"
"Heise","Heise ±"
"Helborgh","Helborgh"
"Helenborgh","Helenborgh"
"Heleut","Heleut ±"
"Helger","Helger"
"Helika","Helika"
"Helling-","Helling- ±"
"Helm","Helm ±"
"Helmik, Helmike","Helmik(e)"
"Helmricus","Helmricus"
"Helmuastus","Helmuastus"
"Helni-","Helni- ±"
"Helret","Helret"
"Helueger-","Helueger- ±"
"Heluit","Heluit ±"
"Helvi, Hailvi","Helvi"
"Helvig, Hellevi, Helevi, Hillevi","Helvig"
"Helvik","Helvik"
"Hemen-","Hemen- ±"
"Hemfast","Hemfast"
"Hemfaste","Hemfaste ±"
"Hemfridh","Hemfridh"
"Hemolf","Hemolf"
"Hemor-","Hemor- ±"
"Hempike","Hempike"
"Hemund-","Hemund- ±"
"Hemvidh","Hemvidh"
"Henar","Henar ±"
"Henike","Henike"
"Henkil","Henkil"
"Henning","Henning"
"Henrik, Hinrik","Henrik"
"Henti-","Henti- ±"
"Herbord","Herbord"
"Herborg","Herborg"
"Herbrikt","Herbrikt"
"Herder","Herder ±"
"Herel-","Herel- ±"
"Herman","Herman"
"Hertuidus","Hertuidus ±"
"Heruelsus","Heruelsus ±"
"Hesika","Hesika"
"Hette","Hette ±"
"Hevndarus","Hevndarus ±"
"Heus","Heus ±"
"Hiamnicus","Hiamnicus ±"
"Hidhin","Hidhin"
"Hidhinbiorn","Hidhinbiorn"
"Hidhindis","Hidhindis"
"Hidhinfridh","Hidhinfridh"
"Hidhinmund","Hidhinmund"
"Hidhinvast","Hidhinvast"
"Hiende","Hiende ±"
"Hieronymus","Hieronymus"
"Hilarius","Hilarius"
"Hilde","Hilde"
"Hildeborg","Hildeborg"
"Hildebrand","Hildebrand"
"Hildegard","Hildegard"
"Hildeger","Hildeger"
"Hildegund","Hildegund"
"Hildemar","Hildemar"
"Hildher-","Hildher- ±"
"Hildolf","Hildolf"
"Hildrad","Hildrad"
"Hilla","Hilla"
"Hiller-","Hiller- ±"
"Hillike, Hillika","Hillike"
"Hinze, Hinza","Hinze"
"Hinzeman","Hinzeman"
"Hinzike, Hinzika","Hinzike"
"Hiälmborg","Hiælmborg"
"Hiälmdor","Hiælmdor"
"Hiälmger","Hiælmger"
"Hiärrande, Hiärrand","Hiærrand(e)"
"Hoffuin-","Hoffuin- ±"
"Hofman","Hofman"
"Hogenskild","Hogenskild"
"Holgon-","Holgon- ±"
"Holm","Holm"
"Holmbiorn","Holmbiorn"
"Holmbo","Holmbo"
"Holmborgh","Holmborgh"
"Holme","Holme"
"Holmer-","Holmer- ±"
"Holmfast, Holmvast","Holmfast"
"Holmfridh","Holmfridh"
"Holmger","Holmger"
"Holmgärdh","Holmgærdh"
"Holmsten","Holmsten"
"Holmund","Holmund"
"Holmvast","Holmvast"
"Holmvidh","Holmvidh"
"Holmö","Holmø"
"Holte","Holte"
"Homerus","Homerus"
"Honäf","Honæf"
"Horfast","Horfast ±"
"Horkarl","Horkarl"
"Hornwng, Hornung","Hornwng ±"
"Horost","Horost"
"Howast","Howast ±"
"Hove","Hove"
"Hovn-","Hovn- ±"
"Hovudh","Hovudh"
"Hubaldus","Hubaldus ±"
"Hubertus","Hubertus"
"Hughald, Hughalde","Hughald(e)"
"Hughi","Hughi"
"Hughlek","Hughlek"
"Hugholf","Hugholf"
"Hughref","Hughref"
"Hugo","Hugo"
"Huirgerus","Huirgerus ±"
"Hulte","Hulte"
"Hultrik","Hultrik"
"Humbertus","Humbertus"
"Humpe","Humpe"
"Hun","Hun"
"Hunaldus","Hunaldus"
"Hune","Hune"
"Hunäf","Hunæf"
"Husbonde","Husbonde"
"Hvalsung","Hvalsung"
"Hvat","Hvat"
"Hvati","Hvati"
"Hveni","Hveni ±"
"Hvit","Hvit"
"Hvite","Hvite"
"Hvässing","Hvæssing"
"Hwerma","Hwerma ±"
"Hyggiolf, Hyggiulf","Hyggiolf"
"Hyggyna-","Hyggyna- ±"
"Hyke","Hyke"
"Hyna","Hyna ±"
"Hyndeke","Hyndeke"
"Hägge","Hægge"
"Häghmund","Hæghmund"
"Hägholf","Hægholf"
"Häghvald","Hæghvald"
"Häghvardh","Hæghvardh"
"Häghvidh","Hæghvidh"
"Hälf","Hælf"
"Hälgha","Hælgha"
"Hälghe","Hælghe"
"Hälinswit","Hælinswit ±"
"Hälle","Hælle"
"Hälsing","Hælsing"
"Häming","Hæming"
"Hämne","Hæmne"
"Hära","Hæra ±"
"Härbiorn","Hærbiorn"
"Härdis","Hærdis"
"Härfridh","Hærfridh"
"Härger","Hærger"
"Häring-","Hæring- ±"
"Häriolf, Häriulf","Hæriolf"
"Härlef","Hærlef"
"Härlek","Hærlek"
"Härlögh","Hærløgh"
"Härmodh","Hærmodh"
"Härmodh","Hærmodh"
"Härmund","Hærmund"
"Härse","Hærse"
"Härsir","Hærsir"
"Härsten","Hærsten"
"Härung","Hærung ±"
"Härvardh","Hærvardh"
"Hävidh","Hævidh ±"
"Hödh","Hødh"
"Hödhge","Hødhge ±"
"Höghe","Høghe"
"Höghmon-","Høghmon- ±"
"Höghne","Høghne"
"Höghnir","Høghnir"
"Högolf","Høgolf"
"Hök","Høk"
"Hölde","Hølde"
"Hölma","Hølma ±"
"Hölwisa-","Hølwisa- ±"
"Hörbo","Hørbo"
"Hörlegh","Hørlegh ±"
"Hösse","Høsse"
"Höta-","Høta- ±"
"Höuelämpe-","Høuelæmpe- ±"
"Höyar","Høyar"
"I-","I- ±"
"Ia","Ia"
"Iacer-","Iacer-"
"Iacppol-","Iacppol-"
"Iaki","Iaki"
"Iakke","Iakke"
"Iako","Iako"
"Iakob","Iakob"
"Ialle","Ialle"
"Iamält","Iamælt"
"Iandus","Iandus ±"
"Ianene-","Ianene-"
"Ianike","Ianike"
"Ianne","Ianne"
"Iannus","Iannus"
"Iaran","Iaran"
"Iarthin-","Iarthin-"
"Iaspar, Iesper","Iaspar"
"Iathtä","Iathtæ"
"Iauall","Iauall"
"Iavan","Iavan"
"Iavar","Javar ±"
"Iavur","Iavur"
"Ida","Ida"
"Idda","Idda"
"Idiärf","Idiærf"
"Ie","Ie"
"Ieani","Ieani"
"Iedhvardh","Iedhvardh"
"Ieffe","Ieffe"
"Ieigel-","Ieigel- ±"
"Ielf","Ielf ±"
"Ielvardh","Ielvardh ±"
"Iemniken","Iemniken"
"Iäppe","Iæppe"
"Ieppert","Ieppert"
"Ieremias","Ieremias"
"Ierg-","Ierg-"
"Ierik","Ierik ±"
"Ierpe","Ierpe"
"Iesabel","Iesabel"
"Iesop","Iesop ±"
"Ietthe","Ietthe"
"Igerleir","Igerleir"
"Igge","Igge"
"Ighul","Ighul"
"Ighulbiorn","Ighulbiorn"
"Ighulfast","Ighulfast"
"Igylphus","Igylphus ±"
"Igwarus","Igwarus ±"
"Ikir","Ikir "
"Il-","Il-"
"Ilian","Ilian"
"Iliana","Iliana"
"Ille","Ille ±"
"Illotus","Illotus ±"
"Illughi","Illughi"
"Ilve","Ilve ±"
"Imma","Imma"
"Indieburg","Indieburg"
"Ing-","Ing- "
"Inga","Inga"
"Inge","Inge"
"Ingebiorn","Ingebiorn"
"Ingeborgh","Ingeborgh"
"Ingebrun","Ingebrun "
"Ingebärgh","Ingebærgh"
"Ingefridh","Ingefridh"
"Ingegärdh","Ingegærdh"
"Ingekang","Ingekang "
"Ingelef","Ingelef"
"Ingelögh","Ingeløgh"
"Ingem-","Ingem- "
"Ingeman","Ingeman"
"Ingemar","Ingemar"
"Ingemodh","Ingemodh"
"Ingemund","Ingemund"
"Ingerun","Ingerun"
"Ingevald","Ingevald"
"Ingevast","Ingevast"
"Ingevater","Ingevater"
"Ingevidh","Ingevidh"
"Ingiara","Ingiara ±"
"Ingiäld","Ingiæld"
"Ingolf","Ingolf"
"Ingridh","Ingridh"
"Ingundus","Ingundus "
"Ingwadh","Ingwadh "
"Ingärdh","Ingærdh "
"Ingvar","Ingvar"
"Inna","Inna "
"Io-","Io- "
"Ioakim","Ioakim"
"Ioam","Ioam "
"Ioar","Ioar"
"Iob","Iob"
"Iodde","Iodde"
"Ioff","Ioff "
"Iofridh","Iofridh "
"Iofrö","Iofrø "
"Iofse","Iofse "
"Iogärdh","Iogærdh"
"Iohan, Ioan, Ion","Iohan"
"Iohanna","Iohanna"
"Iohannes","Iohannes"
"Iohihans","Iohihans "
"Ioian","Ioian"
"Iokon-","Iokon- "
"Iolno","Iolno "
"Ionas","Ionas"
"Ionius","Ionius "
"Ionne","Ionne"
"Ionte","Ionte"
"Iook","Iook ±"
"Ioppe","Ioppe"
"Ior-","Ior-  "
"Ioran","Ioran"
"Iordan","Iordan"
"Iorger","Iorger"
"Ioruidh","Ioruidh "
"Iorun","Iorun"
"Iorund","Iorund"
"Iorunna","Iorunna"
"Ios","Ios "
"Iosep","Iosep"
"Iosse, Iusse","Iøsse, Iesse, Iosse, Iusse"
"Iost","Iost"
"Iovall-","Iovall- ±"
"Iovas","Iovas ±"
"Iovel","Iovel ±"
"Irgels-","Irgels- "
"Iria-","Iria- "
"Isa-","Isa- ±"
"Isak","Isak"
"Isal","Isal "
"Isar","Isar"
"Isarn, Ysarnus","Isarnus"
"Isbrand","Isbrand"
"Isidor","Isidor "
"Islogh","Isløgh"
"Israel","Israel"
"Iudette","Iudette ±"
"Iudhvi","Iudhvi ±"
"Iudit","Iudit"
"Iuel-","Iuel-"
"Iugerus, Ioger ?","Iugerus"
"Iuhbron","Iuhbron ±"
"Iul-","Iul- ±"
"Iule","Iule"
"Iulfridh","Iulfridh"
"Iuliana","Iuliana"
"Iulianus","Iulianus ±"
"Iuna-","Iuna-"
"Iunge","Iunge ±"
"Iunka","Iunka"
"Iunne, Ionne","Iunne"
"Iuppa-","Iuppa-"
"Iures","Iuris"
"Iurios","Iurios"
"Ius","Ius"
"Iustina","Iustina"
"Iute","Iute"
"Iutta","Iutta"
"Iuvur","Iuvur"
"Ivan","Ivan"
"Ivar","Ivar"
"Ivast","Ivast"
"Ive","Ive"
"Iväst","Ivæst ±"
"Iänurger","Iænurgerus ±"
"Iäppar","Iæppar ±"
"Iärild-","Iærild- ±"
"Iärind","Iærind ±"
"Iärizlef","Iærizlef"
"Iärl","Iærl"
"Iärle","Iærle"
"Iärnande-","Iærnande- ±"
"Iärne","Iærne"
"Iärnvidh","Iærnvidh"
"Iärpolf","Iærpolf"
"Iärund","Iærund"
"Iö","Iø"
"Iönis, Ienis, Iens, Ionis, Ions","Iønis"
"Iörian, Iöries","Iørian, Iøries"
"Iörund","Iørund"
"Iösa","Iøsa"
"K-","K-"
"K- ","K- "
"Ka-","Ka-"
"Kaanccus","Kaanccus"
"Kabbe","Kabbe"
"Kafle","Kafle"
"Kagge","Kagge"
"Kagus","Kagus"
"Kakaldi","Kakaldi"
"Kakir","Kakir"
"Kale","Kale"
"Kalf","Kalf"
"Kalhase","Kalhase"
"Kalinger","Kalinger"
"Kalippe","Kalippe"
"Kalixta","Kalixta"
"Kallan-","Kallan-"
"Kallar-","Kallar-"
"Kalle","Kalle"
"Kame","Kame"
"Kamp","Kamp"
"Kampar","Kampar"
"Kane","Kane"
"Kannenberg","Kannenberg"
"Kanung","Kanung"
"Kaplan","Kaplan "
"Kape","Kape"
"Kappe-","Kappe-"
"Karabiörn","Karabiørn"
"Kare","Kare"
"Karelus","Karelus"
"Kark","Kark"
"Karl","Karl"
"Karle","Karle"
"Karler","Karler"
"Karlunger","Karlunger"
"Karlman, Karman","Kar(l)man"
"Karmared","Karmared"
"Karpus","Karpus"
"Karsser","Karsser"
"Karsten","Karsten"
"Kase","Kase"
"Kasika","Kasika "
"Kaspar","Kaspar"
"Kastellanus","Kastellanus "
"Kata","Kata"
"Kate","Kate"
"Katena","Katena"
"Katerina","Katerina"
"Katharineke","Katharineke"
"Katla","Katla"
"Kauko","Kauko"
"Kaupo","Kaupo"
"Kay-","Kay- "
"Kelve","Kelve"
"Kely","Kely "
"Kepethe","Kepethe"
"Keeri-","Keeri- "
"Kerdo-","Kerdo-"
"Kesckä-","Kesckæ-"
"Kibbe","Kibbe"
"Kiedder-","Kiedder-"
"Kils","Kils"
"Kinad","Kinad"
"Kinnung-","Kinnung-"
"Kinul","Kinul"
"Kirke-","Kirke-"
"Kista-","Kista-"
"Kittin-","Kittin-"
"Kiäsa","Kiæsa"
"Klais","Klais"
"Klakke","Klakke"
"Klaman","Klaman"
"Klandh","Klandh"
"Klar-","Klar-"
"Klara","Klara"
"Klaudius","Klaudius"
"Kleis","Kleis"
"Klemet","Klemet"
"Kleving-","Kleving-"
"Klif","Klif"
"Klivande","Klivande"
"Kloing","Kloing"
"Klyz","Klyz"
"Knag","Knag"
"Knagge","Knagge"
"Knape-","Knape-"
"Knapp","Knapp"
"Kneritta-","Kneritta-"
"Knip","Knip"
"Kniva-","Kniva-"
"Knopp","Knopp"
"Knoppa","Knoppa"
"Knut","Knut"
"Knyste-","Knyste-"
"Knökel","Knøkel"
"Knöpika","Knøpika"
"Kofre","Kofre"
"Koge","Koge"
"Kokka-","Kokka-"
"Kol","Kol"
"Kolad ""se Cokadh""","Kolad ""se Cokadh"" ±"
"Kolben","Kolben"
"Kolbiorn","Kolbiorn"
"Kole","Kole"
"Kolle","Kolle"
"Kolner","Kolner"
"Kolsten","Kolsten"
"Koneman","Koneman"
"Koni","Koni"
"Konrad","Konrad"
"Konstancia","Konstancia"
"Konstancius","Konstancius"
"Konstantin","Konstantin"
"Konung","Konung"
"Kope","Kope"
"Kopekinus","Kopekinus"
"Koppar-","Koppar-"
"Koppin","Koppin"
"Kopvin","Kopvin"
"Korfitz","Korfitz"
"Kornelius","Kornelius"
"Kornuba","Kornuba"
"Korp-","Korp-"
"Korraldus","Korraldus ±"
"Kortham","Kortham"
"Kortymme","Kortymme"
"Kosmas","Kosmas"
"Kost","Kost "
"Kotto","Kotto"
"Kradhe","Kradhe"
"Krafse","Krafse"
"Krake","Krake"
"Krasse","Krasse"
"Krazow","Krazow"
"Kringalle","Kringalle"
"Kringil","Kringil"
"Krist-","Krist-"
"Kristancia","Kristancia"
"Kristiarn, Kristian","Kristia(r)n"
"Kristidix","Kristidix ±"
"Kristina","Kristina"
"Kristiana","Kristiana"
"Kristiälf","Kristiælf"
"Kristman, Krisman","Kris(t)man"
"Kristmar","Kristmar"
"Kristmodh","Kristmodh"
"Kristofer","Kristofer"
"Kristvidh","Kristvidh"
"Krok","Krok"
"Krokman","Krokman"
"Krull, Krulle","Krull(e)"
"Krumme","Krumme"
"Krummedike","Krummedike"
"Kruse","Kruse"
"Krusse","Krusse"
"Kryl","Kryl"
"Kröpelin","Krøpelin"
"Kuli","Kuli"
"Kulle","Kulle"
"Kumhar","Kumhar"
"Kwn-","Kwn-"
"Kunigund","Kunigund"
"Kunne","Kunne"
"Kunnaby","Kunnaby"
"Kunt","Kunt"
"Kunze","Kunze"
"Kupin","Kupin"
"Kuris","Kuris"
"Kurita-","Kurita-"
"Kurlefitz","Kurlefitz ±"
"Kuse","Kuse"
"Kusta-","Kusta-"
"Kut-","Kut-"
"Kute","Kute"
"Kuwer","Kuwer"
"Kuinnu-","Kuinnu-"
"Kvaldolf","Kvaldolf"
"Kwikompoyka","Kwikompoyka"
"Kvinvidh","Kvinvidh"
"Kydron","Kydron"
"Kyle","Kyle"
"Kynna","Kynna"
"Kyrne-","Kyrne- ±"
"Kyrning","Kyrning"
"Kysil","Kysil"
"Kyustal-","Kyustal-"
"Kyödlö","Kyødlø"
"Käbbe","Kæbbe"
"Käde","Kæde"
"Käl","Kæl"
"Kälbiorn","Kælbiorn"
"Käldor","Kældor"
"Käle","Kæle"
"Källa","Kælla"
"Källar","Kællar"
"Källawi","Kællawi"
"Källe","Kælle"
"Kämpe","Kæmpe"
"Käniander","Kæniander ±"
"Kärk","Kærk"
"Kärling-","Kærling-"
"Käsare","Kæsare"
"Käta","Kæta"
"Käte","Kæte"
"Kätike","Kætike"
"Kätil","Kætil"
"Kätilbiorn","Kætilbiorn"
"Kätilborgh","Kætilborgh"
"Kätildor","Kætildor"
"Kätilfridh","Kætilfridh"
"Kätilger","Kætilger"
"Kätilgun","Kætilgun"
"Kätilhot","Kætilhot"
"Kätilla","Kætilla"
"Kätillögh","Kætilløgh"
"Kätillögh","Kætilløgh"
"Kätilmodh","Kætilmodh"
"Kätilmund","Kætilmund"
"Kätilvast","Kætilvast"
"Kätilvat","Kætilvat"
"Kätilälf","Kætilælf"
"Kätilö","Kætilø"
"Köller","Køller"
"Kölneke","Kølneke"
"Köne","Køne"
"Könike","Kønike"
"Könna","Kønna"
"Könne","Kønne"
"Köping","Køping"
"Köpike","Køpike"
"Köpman","Køpman"
"Köpsven","Køpsven"
"L-","L-"
"La-","La-"
"Labbe","Labbe"
"Labyorn","Labyorn"
"Ladiss","Ladiss"
"Ladhuman","Ladhuman"
"Laff","Laff"
"Laffra","Laffra"
"Lafuorar-","Lafuorar- ±"
"Lagepus","Lagepus"
"Laghe","Laghe"
"Laghman","Laghman"
"Laghmund","Laghmund"
"Lagsten","Lagsten ±"
"Lakaman","Lakaman"
"Lale","Lale"
"Lalzsten","Lalzsten"
"Lambrikt","Lambrikt"
"Lamko-","Lamko-"
"Lamp","Lamp"
"Lamppames-","Lamppames-"
"Lanb-","Lanb-"
"Landa-","Landa-"
"Landfridus","Landfridus"
"Landman","Landman"
"Lang","Lang"
"Langabiorn","Langabiorn"
"Lange","Lange"
"Langhabödz","Langhabødz"
"Langibonni","Langibonni"
"Langliva","Langliva"
"Langman","Langman"
"Lanka-","Lanka-"
"Lanta","Lanta"
"Lapaia-","Lapaia-"
"Lapan-","Lapan-"
"Lass","Lass"
"Lasse","Lasse"
"Last","Last"
"Laurens","Laurens"
"Lauri","Lauri"
"Lax","Lax"
"Laxman","Laxman"
"Lays","Lays"
"Lazarus","Lazar(u)s"
"Leand-","Leand-"
"Lecar-","Lecar-"
"Ledhulf","Ledhulf"
"Lefardus","Lefardus"
"Legvidh","Legvidh"
"Leie","Leie"
"Lek","Lek"
"Leka-","Leka-"
"Leksten","Leksten"
"Lemike","Lemike"
"Lena","Lena"
"Lende","Lende"
"Lenika","Lenika"
"Lenssman","Lenssman"
"Leo","Leo"
"Leodegarius","Leodegarius ±"
"Leonard","Leonard"
"Leopold","Leopold"
"Let","Let"
"Leta-","Leta-"
"Leva","Leva"
"Leve","Leve"
"Levecherit","Levecherit ±"
"Levike","Levike"
"Levinus","Levinus"
"Li-","Li-"
"Liavizo","Liavizo ±"
"Libbe","Libbe"
"Libbenhusen","Libbenhusen"
"Libike","Libike"
"Lidhinvardh","Lidhinvardh"
"Lidhmund","Lidhmund"
"Lifa","Lifa"
"Liffe","Liffe"
"Lifridh","Lifridh"
"Lifsten","Lifsten"
"Likmidus","Likmidus"
"Liknatus","Liknatus"
"Likolf","Likolf"
"Liksten","Liksten"
"Likvidh","Likvidh"
"Lillesten","Lillesten"
"Lina","Lina"
"Lindbiorn","Lindbiorn"
"Linde","Linde"
"Lindorm","Lindorm"
"Lindua-","Lindua-"
"Lindvidh","Lindvidh"
"Linquequerdis","Linquequerdis"
"Linte-","Linte-"
"Lintorp","Lintorp"
"Liodolf","Liodolf"
"Liot","Liot"
"Lipe","Lipe"
"Lippus","Lippus"
"Lipsten","Lipsten"
"Lisman","Lisman"
"Liten","Liten"
"Lithär","Lithær"
"Litle","Litle"
"Litlebern","Litlebern"
"Liunge","Liunge"
"Liutbrikt","Liutbrikt"
"Liutgher","Liutgher"
"Liuthild","Liuthild"
"Liutolf","Liutolf"
"Liviva","Liviva ±"
"Lizabeth","Lizabeth"
"Llaufr--","Llaufr--"
"Loba","Loba"
"Lodmund","Lodmund"
"Lodvik","Lodvik"
"Loft","Loft"
"Lolle","Lolle"
"Longynus","Longynus ±"
"Loppa-","Loppa-"
"Lotrix","Lotrix"
"Lubernus","Lubernus ±"
"Lucia","Lucia"
"Lucius","Lucius"
"Lucke","Lucke"
"Lucrardis","Lucrardis"
"Ludhin","Ludhin"
"Lughe","Lughe"
"Lukas","Lukas"
"Lumber","Lumber ±"
"Lundbiorn","Lundbiorn"
"Lunde","Lunde"
"Lundvidh","Lundvidh"
"Lunekarl","Lunekarl"
"Lunger","Lunger"
"Luss","Luss"
"Lutchardis","Lutchardis ±"
"Luthardus","Luthardus"
"Luto","Luto"
"Luttece","Luttece"
"Luwertus","Luwertus ±"
"Luvige-","Luvige-"
"Lybike","Lybike"
"Lydda","Lydda"
"Lyder","Lyder"
"Lydheman","Lydheman"
"Lydholf","Lydholf"
"Lydhvast","Lydhvast"
"Lydike","Lydike"
"Lydin-","Lydin- ±"
"Lygwidus","Lygwidus "
"Lykka","Lykka"
"Lymis","Lymis"
"Lyneborgh","Lyneborgh"
"Lyrertus","Lyrertus ±"
"Lyte","Lyte"
"Lywil","Lywil ±"
"Läbin","Læbin"
"Läghe","Læghe ±"
"Läghil","Læghil"
"Lämborgh","Læmborgh"
"Läming","Læming"
"Länna-","Lænna-"
"Länss","Lænss"
"Läpel","Læpel"
"Lärikia","Lærikia"
"Lät","Læt"
"Lättar","Lættar"
"Löbike","Løbike"
"Lödhälf","Lødhælf"
"Löre","Løre"
"Lören-","Løren-"
"M-","M-"
"M-","M-"
"Ma","Ma  "
"Mabilia","Mabilia ±"
"Machter-","Machter- ±"
"Magda","Magda"
"Magdalena","Magdalena"
"Magga","Magga"
"Magh","Magh"
"Maghe","Maghe"
"Magnar","Magnar"
"Magne","Magne"
"Magnhild","Magnhild"
"Magnificus","Magnificus"
"Magnor","Magnor"
"Magnus","Magnus"
"Maia","Maia"
"Maisa","Maisa"
"Mak","Mak"
"Makan-","Makan-"
"Makarius","Makarius"
"Mal","Mal"
"Malakin","Malakin"
"Malborg","Malborg"
"Male","Male"
"Malfridh","Malfridh"
"Malger","Malger"
"Malm","Malm"
"Malte","Malte"
"Mamme","Mamme"
"Manderus","Manderus"
"Mandorp","Mandorp"
"Mandrix-","Mandrix-"
"Manne","Manne"
"Mannus","Mannus ±"
"Manolf","Manolf"
"Manpe","Manpe"
"Mante","Mante"
"Marcellus","Marcellus"
"Marcilialis","Marcilialis "
"Mare","Mare"
"Marfa","Marfa"
"Margareta","Margareta"
"Margerus","Margerus"
"Margita, Margit","Margit(a)"
"Maria","Maria"
"Mariana","Mariana"
"Maricia","Maricia"
"Marina","Marina"
"Marinus","Marinus"
"Marit","Marit"
"Marita","Marita"
"Mark","Mark"
"Marke","Marke ±"
"Markel","Markel"
"Markman","Markman"
"Markus","Markus"
"Markvard","Markvard"
"Markvist-","Markvist-"
"Marsika","Marsika"
"Marsilius","Marsilius"
"Marta","Marta"
"Martes","Martes"
"Marti","Marti"
"Martin","Martin"
"Marus","Marus ±"
"Mas","Mas "
"Masa","Masa "
"Mase","Mase "
"Masse","Masse"
"Matarask","Matarask "
"Mather","Mather "
"Mathias","Mathias"
"Mathilda","Mathilda"
"Matte","Matte"
"Mauritius","Mauritius"
"Max","Max "
"Maxe","Maxe "
"Medel-","Medel- "
"Medhinnus","Medhinnus  "
"Meigborgh","Meigborgh ± "
"Meinhard","Meinhard"
"Meit","Meit ±"
"Mekthild","Mekthild"
"Melevald","Melevald ±"
"Melitto ±","Melita"
"Melkior","Melkior"
"Melmadus","Melmadus ±"
"Menge","Menge"
"Menger","Menger ±"
"Menike","Menike"
"Menna","Menna ±"
"Mentze","Mentze"
"Meritslev","Meritslev"
"Mersika","Mersika"
"Metta","Metta"
"Mettika","Mettika"
"Midhiung","Midhiung"
"Mikael","Mikael"
"Mikus","Mikus (?)"
"Minde-","Minde-"
"Minna","Minna"
"Minst","Minst"
"Miobek","Miobek ±"
"Mirlön","Mirløn"
"Miälte","Miælte"
"Mo-","Mo-"
"Modda","Modda"
"Modhir","Modhir"
"Moey-","Moey-"
"Moia","Moia"
"Moise","Moise"
"Moltu","Moltu"
"Mon","Mon"
"Mona","Mona"
"Monam","Monam"
"Mone","Mone"
"Monstracius","Monstracius"
"Monyk","Monyk"
"Monälf","Monælf"
"Morghunwägh","Morghunwægh"
"Morius","Morius"
"Morkar","Morkar"
"Most","Most"
"Motfridis","Motfridis"
"Movricus","Movricus ±"
"Mu-","Mu-"
"Mucius","Mucius ±"
"Muggel","Muggel"
"Mule","Mule"
"Mulle","Mulle"
"Mundo","Mundo"
"Munke","Munke"
"Munner-","Munner-"
"Munte","Munte"
"Munvigh","Munvigh"
"Mure-","Mure-"
"Mus","Mus"
"Musta","Musta"
"Mut","Mut"
"Mysing","Mysing"
"Mäghin","Mæghin"
"Mäghinbiorn","Mæghinbiorn"
"Mäghinthor","Mæghinthor"
"Mäghinvast","Mæghinvast"
"Mäia","Mæia"
"Mära","Mæra"
"Märeta, Märta","Mær(e)ta"
"Möleke","Møleke"
"Mörk","Mørk"
"Möszler","Møszler"
"N-","N-"
"Nafne","Nafne"
"Nagge","Nagge"
"Naghle","Naghle"
"Naktergal","Naktergal"
"Namkunder","Namkunder"
"Nampnir","Nampnir"
"Nane","Nane"
"Nanne","Nanne"
"Nannolf","Nannolf"
"Narve","Narve"
"Naske","Naske"
"Natu-","Natu-"
"Navno","Navno"
"Negendanke","Negendanke"
"Neork","Neork"
"Neridh","Neridh"
"Nesse","Nesse"
"Ni","Ni"
"Nichs","Nichs"
"Nif-","Nif-"
"Nikkar-","Nikkar-"
"Nikkaren","Nikkaren"
"Nikke","Nikke"
"Niklas","Niklas"
"Klaves","Klaves"
"Nilke-","Nilke- ±"
"Niordh","Niordh"
"Nipertz","Nipertz"
"Nippere","Nippere"
"Nis","Nis"
"Nisse","Nisse"
"Nithardh","Nithardh"
"Niutar","Niutar"
"Niutindus","Niutindus "
"Nobis","Nobis"
"Nordian","Nordian"
"Nore","Nore"
"Norgun","Norgun"
"Nose","Nose"
"Notholm","Notholm"
"Nute","Nute"
"Nyckel","Nyckel"
"Nyg-","Nyg-"
"Nykumin","Nykumin"
"Nyste","Nyste"
"Näfni-","Næfni-"
"Nännir","Nænnir"
"Närend","Nærend"
"Närve","Nærve"
"Näsbiorn","Næsbiorn"
"Näsbo","Næsbo"
"Näskonung","Næskonung"
"Näve","Næve"
"Näwinpoica","Næwinpoica"
"Obba","Obba"
"Obbe","Obbe"
"Obertus","Obertus"
"Obhradus","Obhradus"
"Oblidh","Oblidh"
"Obse","Obse"
"Ocer","Ocer"
"Od","Od"
"Od-","Od-"
"Oda","Oda"
"Odde","Odde"
"Oddalf","Oddalf"
"Odekinus","Odekinus"
"Odelrik","Odelrik"
"Odeman","Odeman"
"Odemickel","Odemickel"
"Oder-","Oder- "
"Oderth","Oderth"
"Odewalder","Odewalder"
"Odhenkarl","Odhenkarl"
"Odhulf","Odhulf"
"Odowater","Odowater"
"Odvald","Odvald"
"Odwardus","Odwardus"
"Ofegh","Ofegh"
"Offancia","Offancia ±"
"Offe","Offe"
"Offi-","Offi-"
"Offre","Offre"
"Offvik","Offvik ±"
"Ofradh","Ofradh"
"Offrida-","Offrida-"
"Ogenus","Ogenus"
"Oggial","Oggial"
"Oghmund","Oghmund"
"Ok-","Ok-"
"Oke-","Oke-"
"Okke","Okke"
"Okolass","Okolass"
"Ol","Ol"
"Ola","Ola"
"Olaf","Olava"
"Olaf","Olaf"
"Olander","Olander"
"Olar","Olar"
"Old","Old"
"Oldemannus","Oldemannus"
"Oldin","Oldin"
"Ole","Ole"
"Oler","Oler"
"Olf","Olf"
"Olina","Olina"
"Oliverus","Oliverus"
"Ollaparne","Ollaparne"
"Olle","Olle"
"Ollike","Ollike"
"Olm-","Olm-"
"Olof","Olof"
"Olrik","Olrik"
"Oluinger","Oluinger"
"Olvar","Olvar"
"Olve-","Olve-"
"Om","Om"
"Omund","Omund"
"Onam","Onam"
"Onas","Onas"
"Ond-","Ond-"
"Onnen-","Onnen-"
"Ononis","Ononis"
"Onradus","Onradus"
"Onund","Onund"
"Oraff","Oraff"
"Orat-","Orat-"
"Orch","Orch"
"...ordh","...ordh"
"Oreste","Oreste"
"Orgardus","Orgardus ±"
"Oriarius","Oriarius ±"
"Orikkia","Orikkia"
"Orm","Orm"
"Ormand-","Ormand-"
"Ormar","Ormar"
"Ormdhä-","Ormdhæ-"
"Ormger","Ormger"
"Ormhild","Ormhild"
"Ormika","Ormika"
"Ormilar","Ormilar"
"Ormlögh","Ormløgh"
"Ormolf","Ormolf"
"Ormsten","Ormsten"
"Ornulf","Ornulf"
"Orsme","Orsme"
"Ortie","Ortie"
"Oruet","Oruet"
"Osanna","Osanna"
"Osantrix","Osantrix"
"Osborno","Osborno"
"Osman","Osman"
"Osmather","Osmather"
"Osorg","Osorg"
"Ospak","Ospak"
"Osscä","Osscæ"
"Ostradh","Ostradh"
"Osyrgher","Osyrgher"
"Oth, Oti","Oth (fi.) Oti"
"Othugen, Othuaghin","Othugen (Othuaghin)"
"Otryg","Otryg"
"Ottar","Ottar"
"Otte, Otto","Otte (Otto)"
"Otteier-","Otteier-"
"Ottilia","Ottilia"
"Oude","Oude"
"Ouste","Ouste"
"Ovagh","Ovagh"
"Ove","Ove"
"Ouel-","Ouel-"
"Ovidus","Ovidus"
"Owinus","Owinus"
"Ovit","Ovit"
"Owre","Owre"
"P-","P-"
"Pa","Pa"
"Paiä","Paiæ"
"Pale","Pale"
"Paling","Paling"
"Palle","Palle"
"Palne","Palne"
"Pampe","Pampe"
"Pana-","Pana-"
"Papeke","Papeke"
"Par-","Par-"
"Parast","Parast"
"Parkentin","Parkentin"
"Parogh","Parogh"
"Parow","Parow"
"Paske","Paske"
"Pata","Pata"
"Patricius","Patricius"
"Pave","Pave"
"Pavel","Pavel"
"Pe","Pe"
"Peca","Peca"
"Pel","Pel"
"Pelegrinus","Pelegrinus"
"Pelle","Pelle"
"Pene","Pene"
"Perdik","Perdik"
"Peregrin","Peregrin"
"Perko-","Perko-"
"Persting","Persting"
"Pete","Pete"
"Peter","Peter"
"Petronilla","Petronilla"
"Pik","Pik"
"Pilatus","Pilatus"
"Pilt-","Pilt-"
"Pinke/Piuke","Pinke/Piuke"
"Pinnow","Pinnow"
"Pirt","Pirt"
"Piönns","Piønns"
"Plata","Plata"
"Plymer","Plymer "
"Pläghaman","Plæghaman"
"Pokke-","Pokke-"
"Pola-","Pola-"
"Polaff","Polaff "
"Poland","Poland"
"Polomdsson","Polomdsson"
"Poram-","Poram-"
"Porse","Porse"
"Poskall","Poskall"
"Posse","Posse"
"...prenris","...prenris "
"Pribe","Pribe"
"Pribekinus","Pribekinus"
"Prik","Prik"
"Primos-","Primos- ±"
"Primär","Primær ±"
"Pritbjorn","Pritbjorn"
"Provast","Provast"
"Prymestorp","Prymestorp"
"Präst-","Præst-"
"Puke","Puke"
"Pulle","Pulle"
"Pussu-","Pussu-"
"Pute","Pute"
"Pymar","Pymar"
"Pässar","Pæssar"
"Pölle","Pølle"
"Pörvoin","Pørvoin ±"
"Q-","Q-"
"Qiia","Qiia ±"
"R-","R-"
"Rabbe","Rabbe"
"Radh","Radh"
"Radhborgh","Radhborgh"
"Radher","Radher"
"Radhger","Radhger"
"Radhgärdh","Radhgærdh"
"Radhman","Radhman"
"Radholf","Radholf"
"Radike","Radike"
"Rafnulf ?","[Ra]fnulf ?"
"Rag","Rag"
"Ragge","Ragge"
"Raginbert, Raginbertus","Raginbert(us)"
"Ragkel","Ragkel"
"Ragn-","Ragn-"
"Ragna","Ragna"
"Ragnar","Ragnar"
"Ragnbiorn","Ragnbiorn"
"Ragnborgh","Ragnborgh"
"Ragne","Ragne"
"Ragnfridh","Ragnfridh"
"Ragngärdh","Ragngærdh"
"Ragnhild, Ragnhilda","Ragnhild(a)"
"Ragnhvat","Ragnhvat"
"Ragnkil","Ragnkil"
"Ragnmund, Ragmund","Ragnmund (Ragmund)"
"Ragnolf","Ragnolf"
"Ragnvald","Ragnvald"
"Ragnvardh","Ragnvardh"
"Ragnvast","Ragnvast"
"Ragnvi","Ragnvi"
"Ragnvidh","Ragnvidh"
"Ragnälf","Ragnælf"
"Ragnö","Ragnø"
"Raimund","Raimund"
"Rakan","Rakan ±"
"Ramn","Ramn"
"Ramne","Ramne"
"Ramod","Ramod"
"Rander","Rander"
"Randolf","Randolf"
"Rane","Rane"
"Ranke","Ranke"
"Ranveig","Ranveig"
"Ranvi, Ranne","Ranvi "
"Raphael","Raphael"
"Rase, Razi","Rase"
"Raske","Raske"
"Raskolf","Raskolf"
"Raskvidh","Raskvidh"
"Rasmus","Rasmus"
"Raven","Raven"
"Reba-","Reba-"
"Redesman","Redesman"
"Redhar","Redhar"
"Redolf","Redolf"
"Redhun","Redhun"
"Redike","Redike"
"Refil","Refil"
"Regenbode","Regenbode"
"Regin","Regin"
"Reginsund","Reginsund"
"Regmundus","Regmundus ±"
"Regnald","Regnald"
"Regnike","Regnike"
"Regol","Regol"
"Reguider","Reguider"
"Rehakka-","Rehakka-"
"Reinburgh","Reinburgh ±"
"Reinhard","Reinhard"
"Rek","Rek"
"Reko","Reko"
"Relanz-","Relanz-"
"Remar","Remar"
"Rembert","Rembert"
"Rembold","Rembold"
"Remmodh","Remmod- ±"
"Remundus","Remundus"
"Renaldher","Renaldher (?)"
"Renhold","Renhold"
"Rennerus","Rennerus"
"Rerent","Rerent ±"
"Reska","Reska"
"Ribbe, Ribben","Ribbe(n)"
"Ribbing","Ribbing"
"Riddare-","Riddare-"
"Ridhbiorn","Ridhbiorn"
"Righer","Righer"
"Rikhard","Rikhard"
"Rike","Rike"
"Rikhar","Rikhar"
"Rikiza","Rikiza"
"Rikman","Rikman"
"Rikmodh","Rikmodh"
"Rikmund","Rikmund"
"Rikolf","Rikolf"
"Rikvald","Rikvald"
"Rikvan","Rikvan ±"
"Rikvard","Rikvard"
"Rikvidh","Rikvidh"
"Rikvin","Rikvin"
"Rim","Rim"
"Rimbald","Rimbald"
"Rimbert","Rimbert"
"Rimhild","Rimhild"
"Ring","Ring"
"Ringsten","Ringsten"
"Ringvast","Ringvast"
"Ringvidh","Ringvidh"
"Ripse","Ripse"
"…ris","…ris"
"Rise","Rise"
"Rislef","Rislef"
"Rixa","Rixa"
"…rnhp","…rnhp"
"Roald","Roald"
"Roar","Roar"
"Robbe","Robbe "
"Robeke","Robeke"
"Robin","Robin"
"Robrikt","Robrikt"
"Rod-","Rod "
"Rodhe","Rodhe"
"Rodher","Rodher"
"Rodhger","Rodhger"
"Rodhheid","Rodhheid"
"Rodhils","Rodhils"
"Rodhmar","Rodhmar"
"Rodhmund","Rodhmund"
"Rodhni","Rodhni"
"Rodholf","Rodholf"
"Rodhsten","Rodhsten"
"Rodhvald","Rodhvald"
"Rodhvi","Rodhvi"
"Rodhvidh","Rodhvidh"
"Rodhälf","Rodhælf"
"Rodhälshi","Rodhælshi"
"Rodike","Rodike"
"Rodulvard","Rodulvard"
"Roe","Roe"
"Rok","Rok"
"Roland","Roland"
"Rolf","Rolf"
"Rolik","Rolik ±"
"Rolle","Rolle"
"Rollef","Rollef"
"Romerskik-","Romerskik- ±"
"Romund","Romund"
"Ronkil","Ronkil"
"Rope","Rope"
"Rosse","Rosse"
"Rothermund","Rothermund"
"Rothär","Rothær ±"
"Rodkar","Rodkar"
"Rovald","Rovald"
"Rove","Rove"
"Ruda-","Ruda-"
"Ruffe","Ruffe"
"Rumgisle","Rumgisle"
"Runa","Runa"
"Rundbiorn","Rundbiorn"
"Runde","Runde"
"Rune","Rune"
"Runing","Runing"
"Runius","Runius"
"Runsten","Runsten"
"Runvast","Runvast"
"Runvidh","Runvidh"
"Runälf","Runælf"
"Rut","Rut"
"Rynald","Rynald ±"
"Ryning","Ryning"
"Ryting","Ryting"
"Ryttare","Ryttare"
"Ryz","Ryz"
"Ryzike","Ryzike"
"Räghinmodh","Ræghinmodh"
"Rägna","Rægna"
"Rägner","Rægner"
"Rämming","Ræmming"
"Ränne","Rænne"
"Räsing-","Ræsing-"
"Räv","Ræv"
"Röbeke","Røbeke"
"Rödh","Rødh"
"Rödelik","Rødelik"
"Rödhing","Rødhinger"
"Rödhmar","Rødhmar"
"Rögge","Røgge"
"Röleke","Røleke"
"Röming","Røming"
"Röno","Røno"
"Rörik","Rørik"
"Rörike","Rørike"
"S-","S-"
"Sakman","Sakman"
"Sakolf","Sakolf"
"Salle","Salle"
"Salmund","Salmund"
"Salomon","Salomon"
"Salorm-","Salorm-"
"Salse","Salse"
"Salta-","Salta-"
"Salten-","Salten-"
"Salter","Salter"
"Salve","Salve"
"Samsing","Samsing"
"Samson","Samson"
"Samuel","Samuel"
"Sanctus","Sanctus"
"Sande","Sande"
"Sander","Sander"
"Sandolf","Sandolf"
"Sans","Sans"
"Sante","Sante"
"Sanä","Sanæ"
"Sappe","Sappe"
"Sara","Sara"
"Sasse","Sasse"
"Sathe","Sathe"
"Satle-","Satle-"
"Saulus, Sauls","Saul(u)s"
"Sax","Sax"
"Saxe","Saxe"
"Sazur","Sazur"
"Schelinerius","Schelinerius"
"Secundus","Secundus"
"Sederius","Sederius"
"Segebodo","Segebodo"
"Sekio","Sekio"
"Sem","Sem"
"Sembran-","Sembran-"
"Sen-","Sen-"
"Sep-","Sep-"
"Seppe","Seppe"
"Serghin","Serghin"
"Sergius","Sergius"
"Serlo","Serlo"
"Servasius","Servasius"
"Seth","Seth"
"Setor-","Setor- ±"
"Severin","Severin"
"Sibbe","Sibbe"
"Sibert","Sibert"
"Sibrit","Sibrit"
"Sicargus","Sicargus ±"
"Sidhfaste-","Sidhfaste-"
"Siffuir","Siffuir"
"Sig-","Sig-"
"Sigbrikt","Sigbrikt"
"Sigerde-","Sigerde-"
"Sigge","Sigge"
"Siggier","Siggier"
"Sigha","Sigha"
"Sighadh","Sighadh"
"Sighar","Sighar"
"Sighard","Sighard"
"Sighbiorn","Sighbiorn"
"Sighborgh","Sighborgh"
"Sighbrand","Sighbrand"
"Sighdan","Sighdan"
"Sighdiärf","Sighdiærf"
"Sigherlodh","Sigherlodh"
"Sighfast","Sighfast"
"Sighfinn","Sighfinn"
"Sighfridh","Sighfridh"
"Sighfridh","Sighfridh"
"Sighialus","Sighialus "
"Sighhiälm","Sighhiælm"
"Sighvat","Sighvat"
"Sighlef","Sighlef"
"Sighlek","Sighlek"
"Sighlike","Sighlike"
"Sighlof","Sighlof"
"Sighlögh","Sighløgh"
"Sighmar","Sighmar"
"Sighmund","Sighmund"
"Sighne","Sighne"
"Signhild","Signhild"
"Sighniut","Sighniut"
"Sighnö","Sighnø"
"Sigholf","Sigholf"
"Sighref","Sighref"
"Sighridh","Sighridh"
"Sighrif","Sighrif"
"Sighrik","Sighrik"
"Sighrudh","Sighrudh"
"Sighrudh","Sighrudh"
"Sighrun","Sighrun"
"Sighrödh","Sighrødh"
"Sighsten","Sighsten"
"Sighthor","Sighthor"
"Sighthorn","Sighthorn"
"Sightradus","Sightradus"
"Sightragus","Sightragus"
"Sightrygg","Sightrygg"
"Sighund","Sighund"
"Sighurdh","Sighurdh"
"Sighus","Sighus"
"Sighvald","Sighvald"
"Sighvar","Sighvar"
"Sighvardh","Sighvardh"
"Sighvast","Sighvast"
"Sighve","Sighve"
"Sighvidh","Sighvidh"
"Sigismund","Sigismund"
"Sigra-","Sigra-"
"Sigwin","Sigwin"
"Sik?","Sik?"
"Silborgh","Silborgh"
"Sild","Sild"
"Sildäsuen","Sildæsuen"
"Sile","Sile"
"Siliacus","Siliacus"
"Silla","Silla"
"Sille","Sille"
"Sillevi","Sillevi"
"Silvast","Silvast"
"Silvester","Silvester"
"Silvidh","Silvidh"
"Sim…","Sim…"
"Simme","Simme"
"Simon","Simon"
"Simp-","Simp-"
"Sindre-","Sindre-"
"Sinden","Sinden"
"Sineus","Sineus"
"Sing","Sing"
"Sinolf","Sinolf"
"Siohvat","Siohvat"
"Siolm","Siolm"
"Siovast","Siovast"
"Siovidh","Siovidh"
"Sirut-","Sirut- ±"
"Sissa","Sissa"
"Sistrugus","Sistrugus"
"Siunde","Siunde"
"Sive","Sive"
"Sivert","Sivert"
"Sivika","Sivika"
"Sivike","Sivike"
"Sixe","Sixe"
"Sixtus","Sixtus"
"Siälandz-","Siælandz-"
"Siälm","Siælm"
"Siälve","Siælve"
"Skagheman","Skagheman"
"Skakel","Skakel"
"Skakle","Skakle"
"Skald","Skald"
"Skalle, Skall","Skall(e)"
"Skamel","Skamel"
"Skaning","Skaning"
"Skarige","Skarige"
"Skavardh","Skavardh"
"Skeke","Skeke"
"Skene","Skene"
"Skillogha-","Skillogha-"
"Skinkel","Skinkel"
"Skinnare-","Skinnare-"
"Skinnarason","Skinnarason"
"Skiring","Skiring"
"Skiäldolf","Skiældolf"
"Skiälf","Skiælf"
"Skiälm","Skiælm"
"Skiälman","Skiælman ±"
"Skofat","Skofat"
"Skogh","Skogh"
"Skoghe","Skoghe"
"Skokke","Skokke"
"Skopariid","Skopariid"
"Skopte","Skopte"
"Skore","Skore"
"Skorn","Skorn"
"Skräddare","Skræddare"
"Skuld","Skuld"
"Skule","Skule"
"Skulle","Skulle"
"Skulobiorn","Skulobiorn"
"Skulte","Skulte"
"Skytte","Skytte"
"Skäg","Skæg"
"Skägge","Skægge"
"Skälhäkädhe","Skælhækædhe"
"Skälling","Skælling"
"Skäria-Kopi","Skæria-Kopi"
"Skäriung","Skæriung"
"Skärlak","Skærlak"
"Skönöf","Skønøf"
"Sköning","Skøning"
"Slake","Slake"
"Slange","Slange"
"Slatte","Slatte"
"Slavika","Slavika"
"Slavike","Slavike"
"Slodhe","Slodhe"
"Slädhabiorn","Slædhabiorn"
"Slägreuir","Slægreuir"
"Släntz","Slæntz"
"Slät","Slæt"
"Smalse","Smalse"
"Smaradh","Smaradh"
"Smek","Smek"
"Smeling","Smeling"
"Smidh","Smidh"
"Smichinus","Smichinus"
"Snakenborg","Snakenborg"
"Snare","Snare"
"Snarve","Snarve"
"Snefot","Snefot"
"Snewold","Snewold"
"Snipel","Snipel"
"Sniälde-","Sniælde-"
"Snuderhänke","Snuderhænke"
"Snäolf","Snæolf"
"Sofia","Sofia"
"Sok","Sok"
"Solveig","Solveig"
"Somar","Somar"
"Some","Some"
"Son","Son"
"Sop-","Sop-"
"Sopp","Sopp"
"Sor-","Sor-"
"Sorges","Sorges"
"Sork","Sork"
"Sota","Sota"
"Sote","Sote"
"Sovald","Sovald"
"Spåbudde","Spåbudde"
"Spak","Spak"
"Spile","Spile"
"Spirv","Spirv"
"Spiälbodh","Spiælbodh"
"Spiälbodhi","Spiælbodhi"
"Spiälde","Spiælde"
"Spiälle","Spiælle"
"Spole","Spole"
"Springimile","Springimile ±"
"Spräkil-","Sprækil-"
"Späkkin","Spækkin"
"St…","St…"
"Stabbe","Stabbe"
"Stacius","Stacius"
"Stak","Stak"
"Stake","Stake"
"Stalbiorn","Stalbiorn"
"Stalbuk","Stalbuk"
"Stale","Stale"
"Stalöx-","Staløx-"
"Stambo","Stambo"
"Stame-","Stame-"
"Stangenberg","Stangenberg"
"Stapel","Stapel"
"Star","Star"
"Starann-","Starann-"
"Stark","Stark"
"Starkodd","Starkodd"
"Starlung","Starlung"
"Starte-","Starte-"
"Stave","Stave"
"Stefan","Stefan"
"Stegar","Stegar"
"Steimarr","Steimarr ±"
"Stemner","Stemner"
"Sten","Sten"
"Stena","Stena"
"Stenar","Stenar"
"Stenbiorn","Stenbiorn"
"Stenborgh","Stenborgh"
"Stene","Stene"
"Stenfin","Stenfin"
"Stenfridh","Stenfridh"
"Stengrim","Stengrim"
"Stenhild","Stenhild"
"Stenike","Stenike"
"Stenkarl","Stenkarl"
"Stenkil","Stenkil"
"Stenkvit","Stenkvit"
"Stenolf","Stenolf"
"Stenrodh","Stenrodh"
"Stensel","Stensel"
"Stenvar","Stenvar"
"Stenvast","Stenvast"
"Sthorsten","Sthorsten"
"Stibbe","Stibbe"
"Stigge","Stigge"
"Stigh","Stigh"
"Stighandus","Stighandus"
"Stigholf","Stigholf"
"Stighvidh","Stighvidh"
"Stille","Stille"
"Stiuke","Stiuke"
"Stiälke","Stiælke"
"Stolpe","Stolpe"
"Stor","Stor"
"Storbool","Storbool"
"Storien","Storien"
"Storlach","Storlach"
"Storm","Storm"
"Stormund","Stormund"
"Strabuk","Strabuk"
"Strale","Strale"
"Stralende-","Stralende- ±"
"Strange","Strange"
"Strangenbärgh","Strangenbærgh"
"Struk","Struk"
"Stubbe","Stubbe"
"Stuf","Stuf"
"Stur","Stur"
"Sture","Sture"
"Stuve","Stuve"
"Stybbe","Stybbe"
"Styfeldus","Styfeldus"
"Styielde","Styielde"
"Stying","Stying"
"Styinge","Styinge"
"Stykke","Stykke"
"Stylke","Stylke"
"Styr","Styr"
"Styrbiorn","Styrbiorn"
"Styrger","Styrger"
"Styrgils","Styrgils"
"Styrkar","Styrkar"
"Styrla","Styrla"
"Styrlögh","Styrløgh"
"Styrman","Styrman"
"Styrvast","Styrvast"
"Styve","Styve"
"Störia","Støria"
"Stötzlef","Støtzlef"
"Sudhe","Sudhe"
"Sudhman","Sudhman"
"Sudhmund","Sudhmund"
"Sugerunus","Sugerunus ±"
"Sula","Sula"
"Summepace","Summepace"
"Sunaman","Sunaman"
"Sunda","Sunda"
"Sundger","Sundger"
"Sundh-","Sundh-"
"Sundvis","Sundvis"
"Sune","Sune"
"Sunniva","Sunniva"
"Sunolf","Sunolf"
"Suntri","Suntri"
"Sunvidh","Sunvidh"
"Surman","Surman"
"Surrigvn, Syrrigvn","Surrigvn (Syrrigvn)"
"Susanna","Susanna"
"Susse, Suse","Susse (Suse)"
"Sutare-","Sutare-"
"Suxen","Suxen"
"Suxa","Suxa"
"Svakld","Svakld ±"
"Sval","Sval"
"Svale","Svale"
"Svalm","Svalm"
"Svan","Svan"
"Svanald","Svanald"
"Svantapolk, Svantepolk","Svantapolk"
"Svantapolke","Svantapolke"
"Svante","Svante"
"Svarald","Svarald"
"Svart","Svart"
"Svarte","Svarte"
"Svarthovde","Svarthovde"
"Svartman","Swartman"
"Suartua-","Suartua-"
"Svavar","Svavar"
"Svedhar","Svedhar"
"Svegder","Svegder"
"Sven","Sven"
"Svena","Svena"
"Svenald","Svenald"
"Suenerus","Suenerus"
"Svenike","Svenike"
"Svening","Svening"
"Svenke","Svenke"
"Swennere","Swennere"
"Svenolaus","Svenolaus"
"Svenung","Svenung"
"Swezsin","Swezsin"
"Svin","Svin"
"Svinakula","Svinakula"
"Switger","Switger ±"
"Svure","Svure"
"Sväre","Svære"
"Svärker, Svärke","Sværke(r)"
"Svärkil","Sværkil"
"Svärting","Sværting"
"Sylve-","Sylve-"
"Symbla","Symbla"
"Symmer","Symmer"
"Syne","Syne"
"Synnas","Synnas"
"Syntiä","Syntiæ"
"Syrghe","Syrghe"
"Systir","Systir"
"Sywereit","Sywereit"
"Säbbe, Säbb","Sæbb(e)"
"Säbiorn","Sæbiorn"
"Säborgh","Sæborgh"
"Säbrand","Sæbrand"
"Sädiärf","Sædiærf"
"Säfinn","Sæfinn"
"Sägg-","Sægg-"
"Sägiwidh-","Sægiwidh-"
"Sägot","Sægot"
"Säle","Sæle"
"Sälingh","Sælingh"
"Sämund","Sæmund"
"Säppil","Sæppil"
"Sästridh","Sæstridh"
"Sätbo","Sætbo"
"Sävald","Sævald"
"Sävast","Sævast"
"Säve","Sæve"
"Sävidh","Sævidh"
"Söwir-","Søwir-"
"T-","T-"
"Taa","Taa"
"Taberius","Taberius"
"Tacaldus","Tacaldus"
"Tadeus","Tadeus"
"Take","Take"
"Tala","Tala"
"Tali","Tali"
"Talika","Talika"
"Talike","Talike"
"Tamma","Tamma"
"Tammike","Tammike"
"Tanke","Tanke"
"Taske","Taske"
"Taste","Taste"
"Tegulndus","Tegulndus"
"Tekla","Tekla"
"Teknwr","Teknwr"
"Tela","Tela"
"Telsa","Telsa"
"Telsika","Telsika"
"Temundus","Temundus"
"Teta","Teta"
"Tetze","Tetze"
"Teywo-","Teywo-"
"Th-","Th-"
"Thalf","Thalf"
"Tharanth","Tharanth"
"Thelaneus","Thelaneus"
"Themaris","Themaris"
"Theobaldus","Theobaldus"
"Theodorus","Theodorus"
"Therer","Therer"
"Thesvidh","Thesvidh"
"Thet","Thet"
"Theus","Theus"
"Thies","Thies"
"Thingbiorn","Thingbiorn"
"Thingfast","Thingfast"
"Thingolf","Thingolf"
"Thingvar","Thingvar"
"Thingvast","Thingvast"
"Thinne","Thinne"
"Thinonis","Thinonis (gen.)"
"Thiodhkil","Thiodhkil"
"Thistil","Thistil"
"Thiudele","Thiudele ±"
"Thiude","Thiude"
"Thiudhger","Thiudhger"
"Thiudholf","Thiudholf"
"Thiudhsten","Thiudhsten"
"Thiudhun","Thiudhun"
"Thiuf","Thiuf"
"Thiustolf","Thiustolf"
"Thiägn","Thiægn"
"Thiägnborg","Thiægnborg"
"Thiägne","Thiægne"
"Thiälvar","Thiælvar"
"Thiälve","Thiælve"
"Thiälvidh-","Thiælvidh-"
"Thiälvinus","Thiælvinus"
"Thmthidhnn","Thmthidhnn ±"
"Tholf","Tholf"
"Tholomeus","Tholomeus"
"Thomas","Thomas"
"T[hona]r","T[hona]r"
"Thor-","Thor-"
"Thora","Thora"
"Thorald","Thorald"
"Thoralf","Thoralf"
"Thorarin","Thorarin"
"Thorbiorn","Thorbiorn"
"Thorbiärgh","Thorbiærgh"
"Torborgh","Torborgh"
"Thorbrand","Thorbrand"
"Thord","Thord"
"Thordis","Thordis"
"Thore","Thore"
"Thorer","Thorer"
"Thorfast","Thorfast"
"Thorfin","Thorfin"
"Thorgardh","Thorgardh"
"Thorg","Thorg"
"Thorger","Thorger"
"Thorgny","Thorgny"
"Thorgot","Thorgot"
"Thorgrim","Thorgrim"
"Thorgun","Thorgun"
"Thorgärdh","Thorgærdh"
"Thoringisle","Thoringisle"
"Thorkar","Thorkar"
"Thorke","Thorke"
"Thorkil","Thorkil"
"Thorlak","Thorlak"
"Thorle","Thorle"
"Thorlef","Thorlef"
"Thorlef","Thorlef"
"Thorlof","Thorlof"
"Thorlögh","Thorløgh"
"Thorlögh","Thorløgh"
"Thormar","Thormar"
"Thorme (?), Thorma-","Thorma-"
"Thormodh","Thormodh"
"Thormund","Thormund"
"Thorn","Thorn"
"Thorolf","Thorolf"
"Thorste","Thorste"
"Thorsten","Thorsten"
"Thorun","Thorun"
"Thorund","Thorund"
"Thorvald","Thorvald"
"Thorvard","Thorvard"
"Thorvast","Thorvast"
"Thorhvat","Thorhvat"
"Thorvidh","Thorvidh"
"Thorälf","Thorælf"
"Thoywte-","Thoywte-"
"Thrivin","Thrifwin"
"Trodo","Trodo"
"Throgils","Throgils"
"Thrond","Thrond"
"Throtte","Throtte"
"Truger, Thruger (?)","Trugerus"
"Thrugot","Thrugot"
"Thrugun","Thrugun"
"Thruun-","Thruun-"
"Thrydhrik","Thrydhrik"
"Thryge","Thryge"
"Thröwen","Thrøwen"
"Thulerus","Thulerus"
"Thumotus","Thumotus"
"Thure","Thure"
"Thurer","Thurer"
"Thuridh","Thuridh"
"Thurs","Thurs"
"Thyghulfus","Thyghulfus"
"Thynio-","Thynio-"
"Thyra","Thyra"
"Thyran-","Thyran-"
"Thyre","Thyre"
"Thyrger","Thyrger"
"Thyrge","Thyrge"
"Thyrgils","Thyrgils"
"Thyrne","Thyrne"
"Thyrner","Thyrner"
"Thyrvi","Thyrvi"
"Thÿwnda-","Thÿwnda-"
"Thäklinx","Thæklinx"
"Thälle","Thælle"
"Thängil","Thængil"
"Thödholf","Thødholf"
"Tibis-","Tibis-"
"Tibursiö","Tibursiø"
"Tideman","Tideman"
"Tidher","Tidher"
"Tidike","Tidike"
"Tifridh","Tifridh"
"Til","Til"
"Tile","Tile"
"Tileman","Tileman"
"Tilku-","Tilku-"
"Tillögh","Tilløgh"
"Tilse","Tilse"
"Timme","Timme"
"Timmike","Timmike"
"Timotheus","Timotheus"
"Tinggerus","Tinggerus"
"Tirödh","Tirødh?"
"Titus","Titus"
"Tivar","Tivar"
"Tiögger","Tiøgger"
"Tobbe","Tobbe"
"Tobias","Tobias"
"Tobbung","Tobbung"
"Todike","Todike"
"Toffuer","Toffuer"
"Tofte","Tofte"
"Toka","Toka"
"Toke","Toke"
"Tola","Tola"
"Told","Told"
"Tole","Tole"
"Toler","Toler"
"Tolmo","Tolmo"
"Tona","Tona"
"Tonna","Tonna"
"Tonnyges","Tonnyges"
"Topa","Topa"
"Tor-","Tor-"
"Toricker","Toricker"
"Torin-","Torin-"
"Torlöl","Torløl"
"Torre","Torre"
"Torriel","Torriel"
"Torsta","Torsta"
"Toste","Toste"
"Tote","Tote"
"Toten-","Toten-"
"Totke","Totke ±"
"Totte","Totte"
"Tova","Tova"
"Tove","Tove"
"Trana","Trana"
"Tranekär","Tranekær"
"Tranold","Tranold"
"Trogh","Trogh"
"Troin","Troin"
"Trolle","Trolle"
"Trone","Trone"
"Tru-","Tru-"
"Trud","Trud"
"Trude","Trude"
"Truvor","Truvor"
"Try","Try"
"Trygge","Trygge"
"Trälli-","Trælli-"
"Träsmund","Træsmund"
"Trödde","Trødde"
"Tröste","Trøste"
"Tuer","Tuer"
"Tume","Tume"
"Tune","Tune"
"Turl-","Turl-"
"Tuus","Tuus"
"Tybin","Tybin ±"
"Tydde","Tydde"
"Tyhvat","Tyhvat"
"Tyke","Tyke"
"Tymbol-","Tymbol-"
"Tymmedarius","Tymmedarius "
"Tyrrerus","Tyrrerus"
"Tyssi","Tyssi"
"Tyste","Tyste"
"Täppil","Tæppil"
"Tönis","Tønis"
"Tönne","Tønne"
"Törher-","Tørher-"
"Törild","Tørild"
"Ubbe","Ubbe"
"Vbrogh","Vbrogh"
"Ud","Ud"
"Udde","Udde"
"Uddger","Uddger"
"Uddolf","Uddolf"
"Uddorm","Uddorm"
"Uddval","Uddval"
"Udvede","Udvede"
"Vf","Vf"
"Uffe","Uffe"
"Ugge","Ugge"
"Ulf","Ulf"
"Ulfar","Ulfar"
"Ulfas","Ulfas"
"Ulfhard","Ulfhard"
"Ulfhidhin","Ulfhidhin"
"Ulfhild","Ulfhild"
"Ulfhilda","Ulfhilda"
"Ulfiat","Ulfiat"
"Ulfkil","Ulfkil"
"Ulfrik","Ulfrik"
"Ulfstand","Ulfstand"
"Ulfsten","Ulfsten"
"Ulfvidh","Ulfvidh"
"Ulfvin","Ulfvin"
"Ulle","Ulle"
"Wlmrch","Wlmrch"
"Vlrete?","Vlrete?"
"Ulrik","Ulrik"
"Vmme","Vmme"
"Una","Una"
"Unam","Unam"
"Unaman","Unaman"
"Unamar","Unamar"
"Unas","Unas"
"Unatt","Unatt"
"Unde","Unde"
"Une","Une"
"Unge","Unge"
"Unger","Unger"
"Unna","Unna"
"Unne","Unne"
"Unnhild","Unnhild"
"Unnolf","Unnolf"
"Unwan","Unwan ±"
"Urbanus","Urbanus"
"Ursa","Ursa"
"Ursula","Ursula"
"Uskinen","Uskinen"
"Utarem-","Utarem-"
"Vthtogen ?","Vthtogen ?"
"Utvit-","Utvit-"
"Uvette","Uvette ±"
"V-","V-"
"Vacilius","Vacilius"
"Wade","Wade"
"Vadger","Vadger"
"Vaghn","Vaghn"
"Vagnsten","Vagnsten"
"Val","Val"
"Val-","Val-"
"Valand","Valand"
"Walbertus","Walbertus"
"Valbopolz","Valbopolz"
"Valborg","Valborg"
"Valdar","Valdar"
"Valdemar","Valdemar"
"Valderus","Valderus"
"Walrad","Walrad"
"Valentin","Valentin"
"Valerius","Valerius"
"Valgardh","Valgardh"
"Valle","Valle"
"…valler","…valler"
"Vallof","Vallof"
"Valram","Valram"
"Valter","Valter"
"Wange","Wange"
"Wandradus","Wandradus"
"Vargh","Vargh"
"Varlof-","Varlof-"
"Warmbold","Warmbold"
"Warmbrikt","Warmbrikt (?) "
"Wartzlef","Wartzlef"
"Vase","Vase"
"Wasmodh","Wasmodh"
"Wasmundus","Wasmundus"
"Vaste","Vaste"
"Watken","Watken"
"Watte","Watte"
"Vatzari","Vatzari ±"
"Waxmannus","Waxmannus ±"
"Vele","Vele"
"Welle","Welle"
"Vendel","Vendel"
"Vendela","Vendela"
"Vendika","Vendika"
"Vendil","Vendil"
"Vendilborg","Vendilborg"
"Vendilgärdh","Vendilgærdh"
"Venemar","Venemar"
"Wenricus","Wenricus"
"Ventura","Ventura"
"Venzel","Venzel"
"Vere","Vere"
"Werherus","Werherus"
"Verne","Verne"
"Verner","Verner"
"Vernibrictus","Vernibrictus"
"Vernike","Vernike"
"Weroleon","Weroleon"
"Wes-","Wes-"
"Veseti","Veseti"
"Veslind","Veslind"
"Vesse","Vesse"
"Wesselmus","Wesselmus"
"Vestfal","Vestfal"
"Vestfellus, Vestellus","Vest(f)ellus"
"Wethaman-","Wethaman-"
"Wetzel","Wetzel"
"Weytes-","Weytes-"
"Vibald","Vibald"
"Vibbe","Vibbe"
"Vibeke","Vibeke"
"Wibertus","Wibertus"
"Vibiorn","Vibiorn"
"Wibloch","Wibloch"
"Viborgh","Viborgh"
"Viborgh","Viborgh"
"Vibrand","Vibrand"
"Vibrud","Vibrud"
"Videber","Videber"
"Wildelad","Wildelad"
"Vidh-","Vidh-"
"Vidhar","Vidhar"
"Vidhbiorn","Vidhbiorn"
"Vidhe","Vidhe"
"Widhener","Widhener"
"Vidhfast","Vidhfast"
"Vidhkun","Vidhkun"
"Vidhmar","Vidhmar"
"Vidhmund","Vidhmund"
"Vidholf","Vidholf"
"Vidhur","Vidhur"
"Vidike","Vidike"
"Vidiärf","Vidiærf"
"Vidmannus","Vidmannus"
"Vidorn","Vidorn"
"Vifast","Vifast"
"Vifridh","Vifridh"
"Vigdemundh","Vigdemundh"
"Viger","Viger"
"Vighar","Vighar"
"Vighbald","Vighbald"
"Vighbiorn","Vighbiorn"
"Vighbrud","Vighbrud"
"Vighdis","Vighdis"
"Vighe","Vighe"
"Vigheintsolt","Vigheintsolt"
"Vighlek","Vighlek"
"Vighlogh","Vighlogh"
"Vighman","Vighman"
"Vighmund","Vighmund"
"Vigholf","Vigholf"
"Vighorm","Vighorm"
"Vighsten","Vighsten"
"Vigil","Vigil"
"Vigmar","Vigmar"
"Vigärdh","Vigærdh"
"Vigäst","Vigæst"
"Wikard","Wikard"
"Vike","Vike"
"Wikeko","Wikeko ±"
"Viking","Viking"
"Vikman","Vikman"
"Viktor","Viktor"
"Wikund-","Wikund-"
"Wil","Wil"
"Wilborg","Wilborg"
"Wilder-","Wilder-"
"Wilfang","Wilfang"
"Vilhelm","Vilhelm"
"Vili-","Vili-"
"Vilike","Vilike"
"Vilioxen-","Vilioxen-"
"Wilkin","Wilkin"
"Villar","Villar"
"Ville","Ville"
"Villebärgh","Villebærgh ±"
"Willehad","Willehad"
"Villeram","Villeram"
"Willäsit","Willæsit (?)"
"Wilmar","Wilmar"
"Viman","Viman"
"Vimund","Vimund"
"Vinald","Vinald"
"Vinaman","Vinaman"
"Vinandus","Vinandus"
"Vinat-","Vinat-"
"Wincemen","Wincemen"
"Vincentius","Vincentius"
"Vincius","Vincius"
"Vindane","Vindane"
"Winert","Winert"
"Wingot","Wingot ±"
"Vinholt","Vinholt"
"Vinike","Vinike"
"Winrek","Winrek"
"Vinter","Vinter"
"Vinund","Vinund"
"Vinzlef","Vinzlef"
"Vinän-","Vinæn-"
"Wio-","Wio-"
"Viorm","Viorm"
"Wipertus","Wipertus"
"Viradh","Viradh"
"Virgilius","Virgilius"
"Wirik","Wirik"
"Visbur","Visbur"
"Visra","Visra"
"Viste","Viste"
"Visten","Visten"
"Vitian","Vitian"
"Viting-","Viting-"
"Vitke-","Vitke-"
"Viva","Viva"
"Vivast","Vivast"
"Vladizlaus","Vladizlaus"
"Vol-","Vol- ±"
"Wolf","Wolf"
"Woller","Woller"
"Voltekinus","Voltekinus"
"Vorlobast","Vorlobast ±"
"Wral-","Wral- ±"
"Wrenzel","Wrenzel"
"Wulfhard","Wulfhard"
"Vyueiantze","Vyueiantze"
"Väbiorn","Væbiorn"
"Vädher","Vædher"
"…vägh","…vægh"
"Vägärdh","Vægærdh-"
"Vämodh","Væmodh"
"Vämund","Væmund"
"Värme","Værme"
"Västar","Væstar"
"Väste","Væste"
"Västen","Væsten"
"Västervik","Væstervik"
"Västgöte","Væstgøte"
"Västman","Væstman"
"Västmodh","Væstmodh"
"Vävast","Vævast"
"Växande","Væxande"
"Ydit","Ydit"
"Ydxäpä","Ydxæpæ"
"Yhandes","Yhandes"
"Ylempä","Ylempæ"
"Ylkast","Ylkast"
"Ylve","Ylve"
"Ylving","Ylving"
"Yndh","Yndh"
"Yngve","Yngve"
"Ysante","Ysante"
"Ysker","Ysker"
"Zabel","Zabel"
"Zacharias","Zacharias"
"Zacheus","Zacheus"
"Zelika","Zelika"
"Zeno","Zeno"
"Äbbe","Æbbe"
"Äbiorn","Æbiorn"
"Äborgh","Æborgh"
"Ädan","Ædan"
"Ädel-","Ædel-"
"Ädiärf","Ædiærf"
"Äfbrus","Æfbrus"
"Äfle","Æfle"
"Ägher","Ægher"
"Ägot-","Ægot-"
"Älir","Ælir"
"Älssk","Ælssk"
"Älvar","Ælvar"
"Änge","Ænge"
"Änne","Ænne"
"Ännläifuer","Ænnlæifuer"
"Ären","Æren"
"Ärinbiorn","Ær(i)nbiorn"
"Ärinborgh, Ärnborgh","Ær(i)nborgh"
"Ärinfridh, Ärnfridh","Ær(i)nfridh"
"Äringer","Æringer"
"Äringisl","Æringisl"
"Äringärdh","Æringærdh"
"Ärinmodh","Ærinmodh"
"Ärinmodh, Ärnmodh","Ær(i)nmodh"
"Ärinolf, Ärnolf","Ær(i)nolf"
"Ärinvardh, Ärnvardh","Ær(i)nvardh"
"Ärinvidh, Ärnvidh","Ær(i)nvidh"
"Ärinö","Ærinø"
"Ärland","Ærland"
"Ärling","Ærling"
"Ärlitzs-","Ærlitzs-"
"Ärndis","Ærndis"
"Ärne","Ærne"
"Ärnfast","Ærnfast"
"Ärnger","Ærnger"
"Ärngun","Ærngun"
"Ärngunna","Ærngunna"
"Ärnils","Ærnils"
"Ärnkil","Ærnkil"
"Ärnlögh","Ærnløgh"
"Ärnmund, Ärmund","Ær(n)mund"
"Ärnvast","Ærnvast"
"Ärra","Ærra"
"Äsa","Æsa"
"Äsbiorn","Æsbiorn"
"Äsborgh","Æsborgh"
"Äse","Æse"
"Äsge","Æsge"
"Äsger","Æsger"
"Äsgärdh","Æsgærdh"
"Äskil","Æskil"
"Äskri-","Æskri- ±"
"Äsping","Æsping"
"Ästridh","Æstridh"
"Äsvidh","Æsvidh"
"Ätta","Ætta"
"Eudarus","Eudarus"
"Äva-","Æva-"
"Ävidus","Ævidus"
"Äwre","Æwre (?)"
"Öa","Øa"
"Ödam","Ødam"
"Ödh-","Ødh-"
"Ödhar","Ødhar"
"Ödhbiorn","Ødhbiorn"
"Ödhborgh","Ødhborgh"
"Ödhbrand","Ødhbrand"
"Ödhbön","Ødhbøn"
"Ödhe","Ødhe"
"Ödhfast","Ødhfast"
"Ödhgardh","Ødhgardh"
"Ödhge","Ødhge"
"Ödhger","Ødhger"
"Ödhgisl","Ødhgisl"
"Ödhgrim","Ødhgrim"
"Ödhgärdh","Ødhgærdh"
"Ödhhelm","Ødhhelm"
"Ödhhild","Ødhhild"
"Ödhin","Ødhin"
"Ödhlef","Ødhlef"
"Ödhmar","Ødhmar"
"Ödhmodh","Ødhmodh"
"Ödhmund","Ødhmund"
"Ödholf","Ødholf"
"Ödhsten","Ødhsten"
"Ödhvald","Ødhvald"
"Ödhvardh","Ødhvardh"
"Ödhvast","Ødhvast"
"Ödhvi","Ødhvi (?)"
"Ödhvidh","Ødhvidh"
"Ödhälf","Ødhælf"
"Ödhzlo-","Ødhzlo-"
"Ödis","Ødis"
"Ödiärf","Ødiærf"
"Ödna-","Ødna-"
"Ödwerwus","Ødwerwus"
"Ödzstavus","Ødzstavus"
"Öen","Øen"
"Öffar-","Øffar-"
"Ögladh","Øgladh"
"Öia","Øia"
"Öiar","Øiar, Öar"
"Öiolf","Øiolf"
"Öla-","Øla-"
"Ölaf","Ølaf"
"Ölde","Ølde"
"Ölf","Ølf"
"Ölgard","Ølgard"
"Ölrik","Ølrik"
"Ölve","Ølve"
"Ölver","Ølver"
"Ölving","Ølving"
"Öme","Øme"
"Ömund, Emund","Ømund"
"Önd","Ønd"
"Öndakarl","Øndakarl"
"Önde","Ønde"
"Öndridh","Øndridh"
"Öpe","Øpe"
"Ör","Ør"
"Örgis","Ørgis"
"Örian","Ørian"
"Öring","Øring"
"Örios","Ørios"
"Örligh","Ørligh"
"Örn","Ørn"
"Örre","Ørre"
"Örse","Ørse"
"Örwaster","Ørwaster"
"Öryn","Øryn"
"Ösiän","Øsiæn"
"Ösmund","Øsmund"
"Öste","Øste"
"Östenkar-","Østenkar-"
"Österrike","Østerrike"
"Östgöte","Østgøte"
"Östman","Østman"
"Östmar","Østmar"
"Östrad","Østrad"
"Östulf","Østulf"
"Övald","Øvald"
"Övast","Øvast"
"Övidh","Øvidh"
"Övidhe","Øvidhe"
"Övin","Øvin"
"Övind","Øvind"
"Öxvidh","Øxvidh"
"Likar?","Likar?"
"","Ubba"
